doubling every two days;doubling every 4 days;doubling every 10 days;Italy;US;Spain;Germany;India;date
100.0;100.0;100.0;155.0;107.0;120.0;117.0;102.0;0
141.4213562373095;118.9207115002721;107.17734625362931;229.0;184.0;165.0;150.0;113.0;1
200.0;141.4213562373095;114.86983549970351;322.0;237.0;222.0;188.0;119.0;2
282.842712474619;168.1792830507429;123.11444133449163;453.0;403.0;259.0;240.0;142.0;3
400.0;200.0;131.9507910772894;655.0;519.0;400.0;349.0;156.0;4
565.685424949238;237.8414230005442;141.4213562373095;888.0;594.0;500.0;534.0;194.0;5
800.0;282.842712474619;151.5716566510398;1128.0;782.0;673.0;684.0;244.0;6
1131.370849898476;336.3585661014858;162.4504792712471;1694.0;1147.0;1073.0;847.0;330.0;7
1600.0;400.0;174.11011265922482;2036.0;1586.0;1695.0;1112.0;396.0;8
2262.741699796952;475.6828460010884;186.60659830736148;2502.0;2219.0;2277.0;1296.0;499.0;9
3200.0;565.685424949238;200.0;3089.0;2978.0;2277.0;1567.0;536.0;10
4525.483399593904;672.7171322029716;214.35469250725862;3858.0;3212.0;5232.0;2369.0;657.0;11
6400.0;800.0;229.73967099940697;4636.0;4679.0;6391.0;3062.0;727.0;12
9050.966799187809;951.3656920021768;246.22888266898326;5883.0;6512.0;7798.0;3795.0;887.0;13
12800.0;1131.370849898476;263.9015821545788;7375.0;9169.0;9942.0;4838.0;987.0;14
18101.933598375617;1345.4342644059432;282.842712474619;9172.0;13663.0;11748.0;6012.0;1024.0;15
25600.0;1600.0;303.14331330207966;10149.0;20030.0;13910.0;7156.0;1251.0;16
36203.867196751235;1902.7313840043537;324.9009585424942;12462.0;26025.0;17963.0;8198.0;1397.0;17
51200.0;2262.741699796952;348.22022531844965;15113.0;34944.0;20410.0;10999.0;1998.0;18
72407.73439350247;2690.8685288118863;373.21319661472296;17660.0;46096.0;25374.0;13957.0;2543.0;19
;;;21157.0;56714.0;28768.0;16662.0;2567.0;20
;;;24747.0;68841.0;35136.0;18610.0;3082.0;21
;;;27980.0;86662.0;39885.0;22672.0;3588.0;22
;;;31506.0;105253.0;49515.0;27436.0;4778.0;23
;;;35713.0;127417.0;57786.0;31554.0;5311.0;24
;;;41035.0;143544.0;65719.0;36508.0;5916.0;25
;;;47021.0;165698.0;73235.0;42288.0;6725.0;26
;;;53578.0;192079.0;80110.0;48582.0;7598.0;27
;;;59138.0;223254.0;87956.0;52547.0;8446.0;28
;;;63927.0;255530.0;95923.0;57298.0;9205.0;29
;;;69176.0;287931.0;104118.0;61913.0;10453.0;30
;;;74386.0;319776.0;112065.0;67366.0;11487.0;31
;;;80589.0;349016.0;119199.0;73522.0;12322.0;32
;;;86498.0;380798.0;126168.0;79696.0;13430.0;33
;;;92472.0;410834.0;131646.0;85778.0;14352.0;34
;;;97689.0;441897.0;136675.0;91714.0;15722.0;35
;;;101739.0;477507.0;141942.0;95391.0;17615.0;36
;;;105792.0;511790.0;148220.0;99225.0;18539.0;37
;;;110574.0;540714.0;153222.0;103228.0;20080.0;38
;;;115242.0;567022.0;158273.0;108202.0;21370.0;39
;;;119827.0;594165.0;163027.0;113525.0;23077.0;40
;;;124632.0;622493.0;166831.0;117658.0;24530.0;41
;;;128948.0;648390.0;170099.0;120479.0;26283.0;42
;;;132547.0;678028.0;172541.0;123016.0;27890.0;43
;;;135586.0;711135.0;177644.0;125098.0;29451.0;44
;;;139422.0;738464.0;184948.0;127584.0;31324.0;45
;;;143626.0;763886.0;190839.0;130450.0;33062.0;46
;;;147577.0;793970.0;191726.0;133830.0;34863.0;47
;;;152271.0;820045.0;198674.0;137439.0;37257.0;48
;;;156363.0;849926.0;200210.0;139897.0;39699.0;49
;;;159516.0;881891.0;204178.0;141672.0;42505.0;50
;;;162488.0;913856.0;208389.0;143457.0;46437.0;51
;;;165155.0;944770.0;213024.0;145694.0;49400.0;52
;;;168941.0;970741.0;202990.0;148046.0;52987.0;53
;;;172434.0;995391.0;205905.0;150383.0;56351.0;54
;;;175925.0;1019964.0;207634.0;152438.0;59695.0;55
;;;178972.0;1046816.0;209465.0;154175.0;62808.0;56
;;;181228.0;1076518.0;210773.0;155193.0;67161.0;57
;;;183957.0;1111410.0;212917.0;156337.0;70768.0;58
;;;187327.0;1138174.0;213435.0;157641.0;74292.0;59
;;;189973.0;1161907.0;215216.0;159119.0;78055.0;60
;;;192994.0;1185709.0;216582.0;160758.0;81997.0;61
;;;195351.0;1209727.0;217466.0;161703.0;85784.0;62
;;;197675.0;1234209.0;218011.0;162496.0;90648.0;63
;;;199414.0;1261948.0;219329.0;163175.0;95698.0;64
;;;201505.0;1289131.0;220325.0;163860.0;100328.0;65
;;;203591.0;1313585.0;221447.0;164807.0;106475.0;66
;;;205463.0;1332332.0;222857.0;166091.0;112028.0;67
;;;207428.0;1351409.0;223578.0;167300.0;118226.0;68
;;;209328.0;1374790.0;224350.0;168551.0;124794.0;69
;;;210717.0;1394805.0;227436.0;169218.0;131423.0;70
;;;211938.0;1420695.0;228030.0;169575.0;138536.0;71
;;;213013.0;1445546.0;228691.0;170508.0;144950.0;72
;;;214457.0;1469596.0;229540.0;171306.0;150793.0;73
;;;215858.0;1488325.0;230183.0;172239.0;158086.0;74
;;;217185.0;1510633.0;230698.0;173152.0;165386.0;75
;;;218268.0;1531136.0;230698.0;173772.0;173491.0;76
;;;219070.0;1553962.0;231606.0;174355.0;181827.0;77
;;;219814.0;1579114.0;232037.0;174697.0;190609.0;78
;;;221216.0;1602943.0;232555.0;175210.0;198370.0;79
;;;222104.0;1623132.0;233037.0;176007.0;207191.0;80
;;;223096.0;1643306.0;234824.0;176752.0;216824.0;81
;;;223885.0;1662400.0;235290.0;177212.0;226713.0;82
;;;224760.0;1681126.0;235772.0;177850.0;236184.0;83
;;;225435.0;1699889.0;235400.0;178281.0;246622.0;84
;;;225886.0;1721156.0;236259.0;178570.0;257486.0;85
;;;226699.0;1746238.0;236259.0;179002.0;265928.0;86
;;;227364.0;1769318.0;237906.0;179364.0;276146.0;87
;;;228006.0;1788237.0;238564.0;179717.0;286605.0;88
;;;228658.0;1806077.0;239228.0;180458.0;297535.0;89
;;;229327.0;1826167.0;239479.0;181196.0;308993.0;90
;;;229858.0;1845323.0;239638.0;181482.0;320922.0;91
;;;230158.0;1873257.0;239932.0;181815.0;332424.0;92
;;;230555.0;1899697.0;240326.0;182028.0;343091.0;93
;;;231139.0;1919966.0;240660.0;182370.0;354065.0;94
;;;231732.0;1937792.0;240978.0;182764.0;366946.0;95
;;;232248.0;1954692.0;241310.0;183271.0;380532.0;96
;;;232664.0;1975013.0;241550.0;183678.0;395048.0;97
;;;232997.0;1996731.0;241717.0;183979.0;410451.0;98
;;;233197.0;2019009.0;241966.0;184193.0;425282.0;99
;;;233515.0;2044567.0;242280.0;184543.0;440215.0;100
;;;233836.0;2068724.0;242707.0;184861.0;456183.0;101
;;;234013.0;2087625.0;243209.0;185416.0;473105.0;102
;;;234531.0;2108624.0;243605.0;185674.0;490401.0;103
;;;234801.0;2133173.0;243928.0;186022.0;508953.0;104
;;;234998.0;2160223.0;244109.0;186269.0;528859.0;105
;;;235278.0;2188450.0;244328.0;186461.0;548318.0;106
;;;235561.0;2219504.0;244683.0;186839.0;566840.0;107
;;;235763.0;2251330.0;245268.0;187184.0;585481.0;108
;;;236142.0;2277166.0;245575.0;187764.0;604641.0;109
;;;236305.0;2306967.0;245938.0;188534.0;625544.0;110
;;;236651.0;2345696.0;246272.0;189135.0;648315.0;111
;;;236989.0;2381947.0;246504.0;189822.0;673165.0;112
;;;237290.0;2421246.0;246752.0;190359.0;697413.0;113
;;;237500.0;2470292.0;247086.0;190862.0;719664.0;114
;;;237828.0;2511046.0;247486.0;191449.0;742417.0;115
;;;238159.0;2553971.0;247905.0;192079.0;767296.0;116
;;;238011.0;2595266.0;248469.0;192556.0;793802.0;117
;;;238275.0;2645090.0;248770.0;193243.0;820916.0;118
;;;238499.0;2694213.0;248970.0;193499.0;849522.0;119
;;;238720.0;2749156.0;249271.0;193761.0;878254.0;120
;;;238833.0;2800660.0;249659.0;194259.0;906752.0;121
;;;239410.0;2846606.0;250103.0;194725.0;936181.0;122
;;;239706.0;2900334.0;250545.0;195228.0;968857.0;123
;;;239961.0;2943499.0;250545.0;195674.0;1003832.0;124
;;;240136.0;3000730.0;250545.0;196096.0;1039084.0;125
;;;240310.0;3061036.0;251789.0;196335.0;1077781.0;126
;;;240436.0;3120692.0;252130.0;196554.0;1118206.0;127
;;;240578.0;3189551.0;252513.0;196944.0;1155338.0;128
;;;240760.0;3249990.0;253056.0;197341.0;1193078.0;129
;;;240961.0;3310122.0;253908.0;197783.0;1238798.0;130
;;;241184.0;3369486.0;253908.0;198178.0;1288108.0;131
;;;241419.0;3435148.0;253908.0;198556.0;1337024.0;132
;;;241611.0;3501174.0;255953.0;198804.0;1385635.0;133
;;;241819.0;3571988.0;256619.0;198963.0;1435616.0;134
;;;241956.0;3638460.0;257494.0;199375.0;1480073.0;135
;;;242149.0;3702782.0;258855.0;199726.0;1531669.0;136
;;;242363.0;3761714.0;260255.0;200260.0;1581963.0;137
;;;242639.0;3822377.0;260255.0;200843.0;1634746.0;138
;;;242827.0;3890571.0;260255.0;201372.0;1695988.0;139
;;;243061.0;3958116.0;264836.0;201574.0;1750723.0;140
;;;243230.0;4026001.0;266194.0;201823.0;1803695.0;141
;;;243344.0;4101148.0;267551.0;202345.0;1855745.0;142
;;;243506.0;4165348.0;270166.0;202799.0;1908254.0;143
;;;243736.0;4221187.0;272421.0;203368.0;1964536.0;144
;;;243967.0;4280911.0;272421.0;204183.0;2027074.0;145
;;;244216.0;4345741.0;272421.0;204964.0;2088611.0;146
;;;244434.0;4409869.0;278782.0;205269.0;2153010.0;147
;;;244624.0;4479110.0;280610.0;205609.0;2215074.0;148
;;;244752.0;4543686.0;282641.0;206242.0;2268675.0;149
;;;245032.0;4601264.0;285430.0;206926.0;2329638.0;150
;;;245338.0;4648373.0;288522.0;207828.0;2396637.0;151
;;;245590.0;4690057.0;288522.0;208698.0;2461190.0;152
;;;245864.0;4751714.0;288522.0;209653.0;2525922.0;153
;;;246118.0;4806062.0;297054.0;209893.0;2589952.0;154
;;;246286.0;4866241.0;302814.0;210402.0;2647663.0;155
;;;246488.0;4926828.0;305767.0;211281.0;2702681.0;156
;;;246776.0;4990761.0;309855.0;212022.0;2767253.0;157
;;;247158.0;5045028.0;314362.0;213067.0;2836925.0;158
;;;247537.0;5096645.0;314362.0;214214.0;2905825.0;159
;;;247832.0;5153600.0;314362.0;215336.0;2975701.0;160
;;;248070.0;5208844.0;322980.0;215891.0;3044940.0;161
;;;248229.0;5260500.0;326612.0;216327.0;3106348.0;162
;;;248419.0;5330625.0;329784.0;217293.0;3167323.0;163
;;;248803.0;5383019.0;337334.0;218519.0;3224547.0;164
;;;249204.0;5417681.0;342813.0;219964.0;3310234.0;165
;;;249756.0;5455530.0;342813.0;221413.0;3387500.0;166
;;;250103.0;5500432.0;342813.0;222828.0;3463972.0;167
;;;250566.0;5546315.0;359082.0;223453.0;3542733.0;168
;;;250825.0;5591443.0;364196.0;224014.0;3621245.0;169
;;;251237.0;5639034.0;370867.0;225404.0;3691166.0;170
;;;251713.0;5684707.0;377906.0;226914.0;3769523.0;171
;;;252235.0;5716618.0;386054.0;228621.0;3853406.0;172
;;;252809.0;5750541.0;386054.0;230048.0;3936747.0;173
;;;253438.0;5793214.0;386054.0;232082.0;4023179.0;174
;;;253915.0;5835287.0;405436.0;232864.0;4113811.0;175
;;;254235.0;5885805.0;412553.0;233575.0;4204613.0;176
;;;254636.0;5932275.0;419849.0;234853.0;4280422.0;177
;;;255278.0;5975378.0;429507.0;236429.0;4370128.0;178
;;;256118.0;6009509.0;439286.0;237936.0;4465863.0;179
;;;257065.0;6042871.0;439286.0;239507.0;4562414.0;180
;;;258136.0;6084849.0;439286.0;240986.0;4659984.0;181
;;;259345.0;6124810.0;462858.0;241771.0;4754356.0;182
;;;260298.0;6169951.0;470973.0;242381.0;4846427.0;183
;;;261174.0;6218285.0;479554.0;243599.0;4930236.0;184
;;;262540.0;6261908.0;488513.0;244855.0;5020359.0;185
;;;263949.0;6291027.0;498989.0;246166.0;5118253.0;186
;;;265409.0;6315590.0;498989.0;247619.0;5214677.0;187
;;;266853.0;6342334.0;498989.0;248997.0;5308014.0;188
;;;268218.0;6375972.0;525549.0;249985.0;5400619.0;189
;;;269214.0;6415420.0;534513.0;250799.0;5487580.0;190
;;;270189.0;6460043.0;543379.0;252298.0;5562663.0;191
;;;271515.0;6505626.0;554143.0;253474.0;5646010.0;192
;;;272912.0;6545917.0;566326.0;255366.0;5732518.0;193
;;;274644.0;6578481.0;566326.0;256850.0;5818570.0;194
;;;276338.0;6615659.0;566326.0;258480.0;5903932.0;195
;;;277634.0;6653951.0;593730.0;259428.0;5992532.0;196
;;;278784.0;6699270.0;603167.0;260355.0;6074702.0;197
;;;280153.0;6749454.0;614360.0;261762.0;6145291.0;198
;;;281583.0;6795232.0;625651.0;263663.0;6225763.0;199
;;;283180.0;6836842.0;640040.0;265857.0;6312584.0;200
;;;284796.0;6868885.0;640040.0;267773.0;6394068.0;201
;;;286297.0;6907156.0;640040.0;270070.0;6473544.0;202
;;;287753.0;6948276.0;671468.0;271415.0;6549373.0;203
;;;288761.0;6997159.0;682267.0;272337.0;6623815.0;204
;;;289990.0;7044295.0;693556.0;274158.0;6685082.0;205
;;;291442.0;7087842.0;704209.0;275927.0;6757131.0;206
;;;293025.0;7121621.0;716481.0;278070.0;6835655.0;207
;;;294932.0;7159361.0;716481.0;280223.0;6906151.0;208
;;;296569.0;7201394.0;716481.0;282730.0;6979423.0;209
;;;298156.0;7240025.0;748266.0;284140.0;7053806.0;210
;;;299506.0;7286269.0;748266.0;285332.0;7120538.0;211
;;;300897.0;7339712.0;769188.0;287421.0;7175880.0;212
;;;302537.0;7388993.0;778607.0;289219.0;7239389.0;213
;;;304323.0;7422124.0;789932.0;291722.0;7307097.0;214
;;;306235.0;7459481.0;789932.0;294395.0;7370468.0;215
;;;308104.0;7504026.0;789932.0;296958.0;7432680.0;216
;;;309870.0;7553163.0;813412.0;299237.0;7494551.0;217
;;;311364.0;7611053.0;825410.0;300619.0;7550273.0;218
;;;313011.0;7666132.0;835901.0;303258.0;7597063.0;219
;;;314861.0;7721498.0;848324.0;306086.0;7651107.0;220
;;;317409.0;7768398.0;861112.0;310144.0;7706946.0;221
;;;319908.0;7810478.0;861112.0;314660.0;7761312.0;222
;;;322751.0;7860601.0;861112.0;319381.0;7814682.0;223
;;;325329.0;7919043.0;888968.0;322864.0;7864811.0;224
;;;327586.0;7982580.0;896086.0;325331.0;7909959.0;225
;;;330263.0;8052754.0;908056.0;329453.0;7946429.0;226
;;;333940.0;8107586.0;921374.0;334585.0;7990322.0;227
;;;338398.0;8159756.0;936560.0;341223.0;8040203.0;228
;;;343770.0;8227638.0;936560.0;348557.0;8088851.0;229
;;;349494.0;8289375.0;936560.0;356387.0;8137119.0;230
;;;354950.0;8350081.0;974449.0;361974.0;8184082.0;231
;;;359569.0;8429703.0;988322.0;366299.0;8229313.0;232
;;;365467.0;8511363.0;1005295.0;373167.0;8267623.0;233
;;;372799.0;8589738.0;1026281.0;380762.0;8313876.0;234
;;;381602.0;8650713.0;1046132.0;392049.0;8364086.0;235
;;;391611.0;8715277.0;1046132.0;403291.0;8411724.0;236
;;;402536.0;8792500.0;1046132.0;418005.0;8462080.0;237
;;;414241.0;8878977.0;1098320.0;429181.0;8507754.0;238
;;;423578.0;8970270.0;1116738.0;437866.0;8553657.0;239
;;;434449.0;9070119.0;1136503.0;449275.0;8591730.0;240
;;;449648.0;9157462.0;1160083.0;464239.0;8636011.0;241
;;;465726.0;9235292.0;1185678.0;481013.0;8683916.0;242
;;;484869.0;9317099.0;1185678.0;499694.0;8728795.0;243
;;;504509.0;9441865.0;1185678.0;518753.0;8773479.0;244
;;;525782.0;9542127.0;1240697.0;532930.0;8814579.0;245
;;;542789.0;9670208.0;1259366.0;545027.0;8845127.0;246
;;;564778.0;9797264.0;1284408.0;560379.0;8874290.0;247
;;;589766.0;9924328.0;1306316.0;577593.0;8912907.0;248
;;;616595.0;10044001.0;1328832.0;597583.0;8958483.0;249
;;;647674.0;10160957.0;1328832.0;619089.0;9004365.0;250
;;;679430.0;10297509.0;1328832.0;642488.0;9050597.0;251
;;;709335.0;10445191.0;1381218.0;658505.0;9095806.0;252
;;;731588.0;10603987.0;1381218.0;671868.0;9139865.0;253
;;;759829.0;10783505.0;1417709.0;687200.0;9177840.0;254
;;;790377.0;10947555.0;1437220.0;705687.0;9222216.0;255
;;;824879.0;11087270.0;1458591.0;727553.0;9266705.0;256
;;;862681.0;11240358.0;1458591.0;751095.0;9309787.0;257
;;;902490.0;11405005.0;1458591.0;773556.0;9351109.0;258
;;;935104.0;11576974.0;1496864.0;790503.0;9392919.0;259
;;;960373.0;11769275.0;1510023.0;801327.0;9431691.0;260
;;;995463.0;11970944.0;1525341.0;815746.0;9462809.0;261
;;;1028424.0;12150764.0;1541574.0;833307.0;9499413.0;262
;;;1066401.0;12297351.0;1556730.0;855916.0;9534964.0;263
;;;1107303.0;12478863.0;1556730.0;879564.0;9571559.0;264
;;;1144552.0;12652425.0;1556730.0;902528.0;9608211.0;265
;;;1178529.0;12832637.0;1582616.0;918269.0;9644222.0;266
;;;1205881.0;12949887.0;1594844.0;929133.0;9677203.0;267
;;;1238072.0;13164521.0;1605066.0;942687.0;9703770.0;268
;;;1272352.0;13332745.0;1617355.0;961320.0;9735850.0;269
;;;1308528.0;13473097.0;1628208.0;983588.0;9767371.0;270
;;;1345767.0;13628010.0;1628208.0;1006394.0;9796744.0;271
;;;1380531.0;13825126.0;1628208.0;1028089.0;9826775.0;272
;;;1408868.0;14021289.0;1648187.0;1042700.0;9857029.0;273
;;;1431795.0;14241511.0;1656444.0;1053869.0;9884100.0;274
;;;1455022.0;14476881.0;1665775.0;1067473.0;9906165.0;275
;;;1480874.0;14698891.0;1675902.0;1084743.0;9932547.0;276
;;;1509875.0;14878215.0;1684647.0;1106789.0;9956557.0;277
;;;1538217.0;15073675.0;1684647.0;1130238.0;9979447.0;278
;;;1564532.0;15300732.0;1684647.0;1153556.0;10004599.0;279
;;;1585178.0;15516739.0;1702328.0;1171323.0;10031223.0;280
;;;1601554.0;15753683.0;1702328.0;1183655.0;10055560.0;281
;;;1620901.0;15992585.0;1712101.0;1197709.0;10075116.0;282
;;;1641610.0;16217120.0;1720056.0;1218524.0;10099066.0;283
;;;1664829.0;16408717.0;1730575.0;1242203.0;10123778.0;284
;;;1688939.0;16618545.0;1730575.0;1272078.0;10146845.0;285
;;;1709991.0;16844860.0;1730575.0;1300516.0;10169118.0;286
;;;1728878.0;17079664.0;1751884.0;1320716.0;10187850.0;287
;;;1742557.0;17319910.0;1762212.0;1337078.0;10207871.0;288
;;;1757394.0;17567856.0;1773290.0;1351510.0;10224303.0;289
;;;1770149.0;17773707.0;1785421.0;1379238.0;10244852.0;290
;;;1787147.0;17960902.0;1797236.0;1406161.0;10266674.0;291
;;;1805873.0;18157760.0;1797236.0;1439938.0;10286709.0;292
;;;1825775.0;18363690.0;1797236.0;1471238.0;10305788.0;293
;;;1843712.0;18585131.0;1819249.0;1494009.0;10323965.0;294
;;;1855737.0;18798079.0;1829903.0;1510652.0;10340469.0;295
;;;1870576.0;18925257.0;1842289.0;1530180.0;10356844.0;296
;;;1888144.0;19142697.0;1854951.0;1554920.0;10374932.0;297
;;;1906377.0;19278658.0;1854951.0;1587115.0;10395278.0;298
;;;1921778.0;19451960.0;1854951.0;1612648.0;10413417.0;299
;;;1938083.0;19657932.0;1854951.0;1627103.0;10413417.0;300
;;;1953185.0;19876229.0;1879413.0;1640858.0;10450284.0;301
;;;1964054.0;20191317.0;1893502.0;1651834.0;10466595.0;302
;;;1977370.0;20370219.0;1910218.0;1664726.0;10479179.0;303
;;;1991278.0;20642498.0;1928265.0;1687185.0;10495147.0;304
;;;2009317.0;20845899.0;1928265.0;1719737.0;10512093.0;305
;;;2028354.0;21031401.0;1928265.0;1742661.0;10527683.0;306
;;;2038759.0;21264264.0;1928265.0;1755351.0;10542841.0;307
;;;2047696.0;21524025.0;1958844.0;1765666.0;10557985.0;308
;;;2056277.0;21810269.0;1982544.0;1775513.0;10571773.0;309
;;;2067487.0;22114335.0;1982544.0;1787410.0;10581823.0;310
;;;2083689.0;22379073.0;2024904.0;1808647.0;10595639.0;311
;;;2107166.0;22589916.0;2050360.0;1835038.0;10610883.0;312
;;;2129376.0;22793880.0;2050360.0;1866887.0;10625428.0;313
;;;2141201.0;23015693.0;2050360.0;1891581.0;10639684.0;314
;;;2155446.0;23245023.0;2111782.0;1908527.0;10654533.0;315
;;;2166244.0;23480601.0;2137220.0;1921024.0;10667736.0;316
;;;2181619.0;23725599.0;2176089.0;1933826.0;10676838.0;317
;;;2201945.0;23943288.0;2211967.0;1953426.0;10689527.0;318
;;;2220361.0;24119842.0;2252164.0;1978590.0;10701193.0;319
;;;2237890.0;24260670.0;2252164.0;2000958.0;10720048.0;320
;;;2257866.0;24417565.0;2252164.0;2019636.0;10733130.0;321
;;;2276491.0;24604947.0;2336451.0;2033518.0;10746174.0;322
;;;2289021.0;24797500.0;2370742.0;2040659.0;10757610.0;323
;;;2303263.0;24989275.0;2412318.0;2052028.0;10766245.0;324
;;;2319036.0;25167450.0;2456675.0;2068002.0;10777284.0;325
;;;2336279.0;25307594.0;2499560.0;2088400.0;10790183.0;326
;;;2352423.0;25437194.0;2499560.0;2106262.0;10802591.0;327
;;;2368733.0;25588202.0;2499560.0;2122679.0;10814304.0;328
;;;2381277.0;25743658.0;2593382.0;2134936.0;10826363.0;329
;;;2390102.0;25910418.0;2629817.0;2141665.0;10838194.0;330
;;;2400598.0;26074161.0;2670102.0;2148077.0;10847304.0;331
;;;2414166.0;26225101.0;2705001.0;2161275.0;10858371.0;332
;;;2428221.0;26337959.0;2743119.0;2178828.0;10871294.0;333
;;;2441854.0;26463273.0;2743119.0;2192850.0;10880603.0;334
;;;2455185.0;26580303.0;2743119.0;2205171.0;10892746.0;335
;;;2466813.0;26704675.0;2822805.0;2216363.0;10904940.0;336
;;;2475372.0;26829704.0;2851869.0;2221971.0;10916589.0;337
;;;2485956.0;26960815.0;2883465.0;2228085.0;10925710.0;338
;;;2501147.0;27077675.0;2913425.0;2237790.0;10937320.0;339
;;;2515507.0;27167104.0;2941990.0;2252001.0;10950201.0;340
;;;2529070.0;27249903.0;2941990.0;2264909.0;10963394.0;341
;;;2541783.0;27345284.0;2941990.0;2275394.0;10977387.0;342
;;;2553032.0;27440567.0;2989085.0;2284010.0;10991651.0;343
;;;2560957.0;27547339.0;3005487.0;2288545.0;11005850.0;344
;;;2570608.0;27647919.0;3023601.0;2291924.0;11016434.0;345
;;;2583790.0;27738677.0;3041454.0;2299996.0;11030176.0;346
;;;2597446.0;27806985.0;3056035.0;2310233.0;11046914.0;347
;;;2611659.0;27862433.0;3056035.0;2320093.0;11063491.0;348
;;;2625098.0;27921655.0;3056035.0;2328447.0;11079979.0;349
;;;2636738.0;27990500.0;3086286.0;2334561.0;11096731.0;350
;;;2644707.0;28063080.0;3096343.0;2338987.0;11112241.0;351
;;;2655319.0;28138238.0;3107172.0;2342843.0;11124527.0;352
;;;2668266.0;28212021.0;3121687.0;2350399.0;11139516.0;353
;;;2683403.0;28267286.0;3133122.0;2360606.0;11156923.0;354
;;;2697296.0;28322769.0;3133122.0;2369719.0;11173761.0;355
;;;2710819.0;28396629.0;3133122.0;2378883.0;11192045.0;356
;;;2721879.0;28471654.0;3153971.0;2386559.0;11210799.0;357
;;;2729223.0;28548933.0;3161432.0;2390928.0;11229398.0;358
;;;2739591.0;28624353.0;3170644.0;2394811.0;11244786.0;359
;;;2751657.0;28695642.0;3180212.0;2402818.0;11262707.0;360
;;;2765412.0;28747406.0;3188553.0;2414687.0;11285561.0;361
;;;2780882.0;28797846.0;3188553.0;2424684.0;11308846.0;362
;;;2795796.0;28856264.0;3188553.0;2434446.0;11333728.0;363
;;;2809246.0;28923315.0;3204531.0;2442336.0;11359048.0;364
;;;2818863.0;28992258.0;3130184.0;2447068.0;11385339.0;365
;;;2832162.0;29060137.0;3136321.0;2451011.0;11409831.0;366
;;;2848564.0;29121168.0;3142358.0;2460030.0;11438734.0;367
;;;2868435.0;29162779.0;3149012.0;2471942.0;11474605.0;368
;;;2888923.0;29206871.0;3149012.0;2482522.0;11514331.0;369
;;;2907825.0;29262374.0;3149012.0;2492079.0;11555284.0;370
;;;2925265.0;29320146.0;3160970.0;2500182.0;11599130.0;371
;;;2938371.0;29381936.0;3164982.0;2505193.0;11646081.0;372
;;;2955434.0;29444539.0;3172101.0;2509445.0;11686796.0;373
;;;2976274.0;29501359.0;3178356.0;2518591.0;11734058.0;374
;;;2999119.0;29540633.0;3183704.0;2532947.0;11787534.0;375
;;;3023129.0;29591666.0;3183704.0;2545781.0;11846652.0;376
;;;3046762.0;29645733.0;3183704.0;2558455.0;11908910.0;377
;;;3067486.0;29705007.0;3195062.0;2569245.0;11971624.0;378
;;;3081368.0;29767397.0;3200024.0;2575849.0;12039644.0;379
;;;3101093.0;29829029.0;3206116.0;2581329.0;12095855.0;380
;;;3123368.0;29887896.0;3212332.0;2594764.0;12149335.0;381
;;;3149017.0;29923274.0;3212332.0;2612268.0;12221665.0;382
;;;3175807.0;29970698.0;3212332.0;2629750.0;12303131.0;383
;;;3201838.0;30023556.0;3212332.0;2645783.0;12392260.0;384
;;;3223142.0;30111312.0;3228803.0;2659516.0;12485509.0;385
;;;3238394.0;30178939.0;3234319.0;2667225.0;12589067.0;386
;;;3258770.0;30255309.0;3234319.0;2674710.0;12686049.0;387
;;;3281810.0;30319364.0;3247738.0;2690523.0;12801785.0;388
;;;3306711.0;30365684.0;3255324.0;2713180.0;12928574.0;389
;;;3332418.0;30431556.0;3255324.0;2734753.0;13060542.0;390
;;;3356331.0;30493246.0;3255324.0;2755225.0;13205926.0;391
;;;3376376.0;30562776.0;3270825.0;2772401.0;13358805.0;392
;;;3400877.0;30639632.0;3275819.0;2782273.0;13527717.0;393
;;;3419616.0;30713656.0;3284353.0;2791822.0;13689453.0;394
;;;3440862.0;30778536.0;3291394.0;2808873.0;13873825.0;395
;;;3464543.0;30816459.0;3291394.0;2833173.0;14074564.0;396
;;;3488619.0;30883546.0;3300965.0;2855061.0;14291917.0;397
;;;3512453.0;30946372.0;3300965.0;2873190.0;14526609.0;398
;;;3532057.0;31022149.0;3311325.0;2885386.0;14788003.0;399
;;;3544957.0;31102215.0;3317948.0;2893883.0;15061805.0;400
;;;3561012.0;31186968.0;3326736.0;2900768.0;15320972.0;401
;;;3584899.0;31257503.0;3336637.0;2910445.0;15616130.0;402
;;;3607083.0;31304959.0;3347512.0;2930852.0;15930774.0;403
;;;3629000.0;31367142.0;3347512.0;2956316.0;16263695.0;404
;;;3650247.0;31447983.0;3347512.0;2980413.0;16610481.0;405
;;;3668264.0;31523587.0;3370256.0;2998268.0;16960172.0;406
;;;3678944.0;31597569.0;3376548.0;3011513.0;17313163.0;407
;;;3686707.0;31681042.0;3387022.0;3022323.0;17636186.0;408
;;;3700393.0;31736529.0;3396685.0;3044016.0;17997113.0;409
;;;3717602.0;31780358.0;3407283.0;3073442.0;18376421.0;410
;;;3736526.0;31838904.0;3407283.0;3099273.0;18762976.0;411
;;;3754077.0;31901344.0;3407283.0;3123077.0;19164969.0;412
;;;3769814.0;31965690.0;3428354.0;3142262.0;19557457.0;413
;;;3779594.0;32032409.0;3428354.0;3153699.0;19925517.0;414
;;;3793033.0;32095304.0;3446072.0;3163308.0;20282833.0;415
;;;3809193.0;32150276.0;3456886.0;3188192.0;20664979.0;416
;;;3826156.0;32185044.0;3468617.0;3217710.0;21077410.0;417
;;;3842079.0;32227331.0;3468617.0;3245253.0;21491598.0;418
;;;3857443.0;32279613.0;3468617.0;3268645.0;21892676.0;419
;;;3870131.0;32334799.0;3488469.0;3287418.0;22296081.0;420
;;;3878994.0;32393625.0;3496134.0;3299325.0;22662575.0;421
;;;3891063.0;32451727.0;3504799.0;3310301.0;22992517.0;422
;;;3904899.0;32500503.0;3514942.0;3332532.0;23340938.0;423
;;;3920945.0;32531059.0;3524077.0;3357268.0;23703665.0;424
;;;3935703.0;32575681.0;3524077.0;3381597.0;24046809.0;425
;;;3949517.0;32618576.0;3524077.0;3400532.0;24372907.0;426
;;;3962674.0;32664619.0;3540430.0;3416822.0;24684077.0;427
;;;3971114.0;32710798.0;3544945.0;3425982.0;24965463.0;428
;;;3981512.0;32759213.0;3551262.0;3433516.0;25228996.0;429
;;;3994894.0;32794868.0;3559222.0;3451550.0;25496330.0;430
;;;4009208.0;32817738.0;3567408.0;3473503.0;25772440.0;431
;;;4022653.0;32850114.0;3567408.0;3491988.0;26031991.0;432
;;;4035617.0;32885592.0;3567408.0;3507673.0;26289290.0;433
;;;4044762.0;32921743.0;3581392.0;3520329.0;26530132.0;434
;;;4050708.0;32960479.0;3586333.0;3527251.0;26752447.0;435
;;;4059821.0;33002696.0;3592751.0;3533376.0;26948874.0;436
;;;4070400.0;33033453.0;3598452.0;3548285.0;27157795.0;437
;;;4082198.0;33051145.0;3604799.0;3565704.0;27369093.0;438
;;;4092747.0;33076388.0;3604799.0;3577040.0;27555457.0;439
;;;4102921.0;33105303.0;3604799.0;3584934.0;27729247.0;440
;;;4111210.0;33134908.0;3615860.0;3593434.0;27894800.0;441
;;;4116287.0;33165125.0;3619848.0;3598846.0;28047534.0;442
;;;4123230.0;33193950.0;3625928.0;3603055.0;28175044.0;443
;;;4131078.0;33215163.0;3631661.0;3614095.0;28307832.0;444
;;;4139160.0;33228947.0;3636453.0;3626393.0;28441986.0;445
;;;4146722.0;33250819.0;3636453.0;3635162.0;28574350.0;446
;;;4153374.0;33275409.0;3636453.0;3642244.0;28694879.0;447
;;;4159122.0;33300005.0;3647520.0;3648958.0;28809339.0;448
;;;4162576.0;33326846.0;3652879.0;3651640.0;28909975.0;449
;;;4167025.0;33349088.0;3657886.0;3653551.0;28996473.0;450
;;;4172525.0;33362399.0;3663176.0;3656177.0;29089069.0;451
;;;4178261.0;33369753.0;3668658.0;3662490.0;29182532.0;452
;;;4183476.0;33376028.0;3668658.0;3669870.0;29274823.0;453
;;;4188190.0;33396881.0;3668658.0;3675296.0;29359155.0;454
;;;4192183.0;33413594.0;3678390.0;3679148.0;29439989.0;455
;;;4194672.0;33431990.0;3682778.0;3681126.0;29510410.0;456
;;;4197892.0;33449855.0;3687762.0;3682911.0;29570881.0;457
;;;4201827.0;33465459.0;3693012.0;3687828.0;29633105.0;458
;;;4205970.0;33471475.0;3697981.0;3692468.0;29700313.0;459
;;;4209707.0;33485545.0;3697981.0;3695633.0;29762793.0;460
;;;4213055.0;33498584.0;3697981.0;3697927.0;29823546.0;461
;;;4216003.0;33517149.0;3707523.0;3700367.0;29881772.0;462
;;;4217821.0;33531930.0;3711027.0;3701484.0;29935221.0;463
;;;4220304.0;33557081.0;3715454.0;3702688.0;29977861.0;464
;;;4223200.0;33566241.0;3729458.0;3705942.0;30028709.0;465
;;;4225163.0;33571511.0;3733600.0;3709129.0;30082778.0;466
;;;4227719.0;33583297.0;3733600.0;3711569.0;30134445.0;467
;;;4230153.0;33594026.0;3733600.0;3713480.0;30183143.0;468
;;;4232428.0;33605934.0;3741767.0;3714969.0;30233183.0;469
;;;4233698.0;33617697.0;3745199.0;3715518.0;30279331.0;470
;;;4235592.0;33638879.0;3749031.0;3716170.0;30316897.0;471
;;;4237790.0;33647931.0;3753228.0;3717625.0;30362848.0;472
;;;4239868.0;33652887.0;3757442.0;3718955.0;30411634.0;473
;;;4241760.0;33663441.0;3757442.0;3720031.0;30458251.0;474
;;;4243482.0;33674237.0;3757442.0;3721139.0;30502362.0;475
;;;4244872.0;33686902.0;3764651.0;3721981.0;30545433.0;476
;;;4245779.0;33701378.0;3768691.0;3722327.0;30585229.0;477
;;;4247032.0;33725981.0;3773032.0;3722782.0;30619932.0;478
;;;4248432.0;33735350.0;3777539.0;3723798.0;30663665.0;479
;;;4249755.0;33739972.0;3782463.0;3724806.0;30709557.0;480
;;;4250902.0;33753555.0;3782463.0;3725580.0;30752950.0;481
;;;4252095.0;33761032.0;3782463.0;3726172.0;30795716.0;482
;;;4252976.0;33776383.0;3792642.0;3726710.0;30837222.0;483
;;;4253460.0;33791503.0;3799733.0;3726929.0;30874376.0;484
;;;4254294.0;33821260.0;3808960.0;3727333.0;30907282.0;485
;;;4255434.0;33826674.0;3821305.0;3728141.0;30946147.0;486
;;;4255700.0;33830959.0;3833868.0;3729033.0;30987880.0;487
;;;4256451.0;33839861.0;3833868.0;3729682.0;31026829.0;488
;;;4257289.0;33862143.0;3833868.0;3730353.0;31064908.0;489
;;;4258069.0;33882319.0;3866475.0;3730912.0;31106065.0;490
;;;4258456.0;33903184.0;3880612.0;3731124.0;31144229.0;491
;;;4259133.0;33950776.0;3897996.0;3731564.0;31174322.0;492
;;;4259909.0;33960895.0;3915313.0;3732549.0;31216337.0;493
;;;4260788.0;33972642.0;3937192.0;3733519.0;31257720.0;494
;;;4261582.0;34002065.0;3937192.0;3734468.0;31293062.0;495
;;;4262511.0;34028596.0;3937192.0;3735420.0;31332159.0;496
;;;4263317.0;34059721.0;3971124.0;3736165.0;31371901.0;497
;;;4263797.0;34091682.0;4015084.0;3736489.0;31411262.0;498
;;;4264704.0;34169791.0;4041474.0;3737135.0;31440951.0;499
;;;4265714.0;34183893.0;4069162.0;3738683.0;31484605.0;500
;;;4267105.0;34204222.0;4100222.0;3740325.0;31528114.0;501
;;;4268491.0;34253065.0;4100222.0;3741781.0;31572344.0;502
;;;4269885.0;34292791.0;4100222.0;3743389.0;31613993.0;503
;;;4271276.0;34340527.0;4161850.0;3744681.0;31655824.0;504
;;;4272163.0;34397053.0;4189136.0;3745227.0;31695958.0;505
;;;4273693.0;34517855.0;4219723.0;3746410.0;31726507.0;506
;;;4275846.0;34546599.0;4249258.0;3748613.0;31769132.0;507
;;;4278319.0;34574571.0;4280429.0;3750503.0;31812114.0;508
;;;4281214.0;34653943.0;4280429.0;3752592.0;31856757.0;509
;;;4284332.0;34718946.0;4280429.0;3754511.0;31895385.0;510
;;;4287458.0;34792522.0;4342054.0;3755898.0;31934455.0;511
;;;4289528.0;34865067.0;4368453.0;3756856.0;31969954.0;512
;;;4293083.0;35056512.0;4395602.0;3758401.0;31998158.0;513
;;;4297337.0;35100403.0;4422291.0;3761169.0;32036511.0;514
;;;4302393.0;35144972.0;4447044.0;3764311.0;32077706.0;515
;;;4307535.0;35253332.0;4447044.0;3766765.0;32117826.0;516
;;;4312673.0;35351086.0;4447044.0;3769165.0;32156493.0;517
;;;4317415.0;35453532.0;4502983.0;3771262.0;32192576.0;518
;;;4320530.0;35563219.0;4523310.0;3772109.0;32225513.0;519
;;;4325046.0;35815115.0;4545184.0;3773875.0;32250679.0;520
;;;4330739.0;35878120.0;4566571.0;3777446.0;32285857.0;521
;;;4336906.0;35912996.0;4588132.0;3780985.0;32322258.0;522
;;;4343519.0;36072783.0;4588132.0;3784433.0;32358829.0;523
;;;4350028.0;36190584.0;4588132.0;3787639.0;32393286.0;524
;;;4355348.0;36345036.0;4627770.0;3790766.0;32424234.0;525
;;;4358533.0;36489122.0;4643450.0;3791949.0;32449306.0;526
;;;4363374.0;36715928.0;4660473.0;3794429.0;32474773.0;527
;;;4369964.0;36788995.0;4677883.0;3799425.0;32512366.0;528
;;;4377188.0;36835783.0;4693540.0;3805063.0;32558530.0;529
;;;4383787.0;37030138.0;4693540.0;3810641.0;32603188.0;530
;;;4390684.0;37180729.0;4693540.0;3816285.0;32649947.0;531
;;;4396417.0;37348331.0;4719266.0;3821013.0;32695030.0;532
;;;4400617.0;37503551.0;4733602.0;3823139.0;32737939.0;533
;;;4406241.0;37742625.0;4745558.0;3827051.0;32768880.0;534
;;;4413162.0;37834821.0;4758003.0;3835375.0;32810845.0;535
;;;4420429.0;37879024.0;4770453.0;3843775.0;32857937.0;536
;;;4427827.0;38087249.0;4770453.0;3853055.0;32903289.0;537
;;;4435008.0;38241709.0;4770453.0;3861147.0;32945907.0;538
;;;4440669.0;38420691.0;4794352.0;3868197.0;32988673.0;539
;;;4444338.0;38604462.0;4804424.0;3871865.0;33027621.0;540
;;;4449606.0;38843134.0;4815205.0;3877612.0;33058843.0;541
;;;4456765.0;38922023.0;4822320.0;3889173.0;33096718.0;542
;;;4464005.0;38974034.0;4831809.0;3901799.0;33139981.0;543
;;;4471225.0;39203248.0;4831809.0;3913828.0;33174954.0;544
;;;4478691.0;39383209.0;4831809.0;3924131.0;33208330.0;545
;;;4484613.0;39573726.0;4847298.0;3932547.0;33236921.0;546
;;;4488779.0;39752861.0;4855065.0;3937106.0;33264175.0;547
;;;4494857.0;39988305.0;4861883.0;3942856.0;33289579.0;548
;;;4502396.0;40074213.0;4871444.0;3956387.0;33316755.0;549
;;;4509611.0;40137718.0;4877755.0;3970102.0;33347325.0;550
;;;4517434.0;40231457.0;4877755.0;3984353.0;33381728.0;551
;;;4524292.0;40440627.0;4877755.0;3995188.0;33417390.0;552
;;;4530246.0;40617553.0;4887112.0;4005641.0;33448163.0;553
;;;4534499.0;40783971.0;4892640.0;4010390.0;33478419.0;554
;;;4539991.0;41025980.0;4898258.0;4017116.0;33504534.0;555
;;;4546487.0;41115111.0;4903021.0;4030681.0;33531498.0;556
;;;4553241.0;41163463.0;4907461.0;4046112.0;33563421.0;557
;;;4559970.0;41374242.0;4907461.0;4059081.0;33594803.0;558
;;;4566126.0;41519646.0;4907461.0;4070295.0;33624419.0;559
;;;4571440.0;41692899.0;4915265.0;4077640.0;33652745.0;560
;;;4574787.0;41851676.0;4918526.0;4083151.0;33678786.0;561
;;;4579502.0;42062538.0;4922249.0;4089476.0;33697581.0;562
;;;4585423.0;42137511.0;4926324.0;4101931.0;33716451.0;563
;;;4590941.0;42182381.0;4929546.0;4114856.0;33739980.0;564
;;;4596558.0;42354183.0;4929546.0;4125878.0;33766707.0;565
;;;4601749.0;42475921.0;4929546.0;4134779.0;33791061.0;566
;;;4606413.0;42607273.0;4935534.0;4142116.0;33813903.0;567
;;;4609205.0;42736442.0;4937984.0;4145852.0;33834702.0;568
;;;4613214.0;42911208.0;4940824.0;4150516.0;33853048.0;569
;;;4618040.0;42971703.0;4943855.0;4160970.0;33871881.0;570
;;;4623155.0;43026020.0;4946601.0;4171666.0;33894312.0;571
;;;4627699.0;43181966.0;4946601.0;4181393.0;33915569.0;572
;;;4632275.0;43294718.0;4946601.0;4188604.0;33935309.0;573
;;;4636111.0;43416107.0;4951640.0;4196378.0;33953475.0;574
;;;4638516.0;43526493.0;4953930.0;4199400.0;33971607.0;575
;;;4641890.0;43681323.0;4956691.0;4203571.0;33985920.0;576
;;;4645853.0;43729528.0;4959091.0;4215351.0;34001743.0;577
;;;4649906.0;43774306.0;4961128.0;4227501.0;34020730.0;578
;;;4653696.0;43917220.0;4961128.0;4237619.0;34037592.0;579
;;;4657215.0;44012453.0;4961128.0;4246136.0;34053573.0;580
;;;4660314.0;44124626.0;4965399.0;4252300.0;34067719.0;581
;;;4662087.0;44226152.0;4967200.0;4255388.0;34081315.0;582
;;;4665049.0;44357567.0;4969503.0;4260187.0;34094373.0;583
;;;4668261.0;44396394.0;4971310.0;4271734.0;34108996.0;584
;;;4672355.0;44436064.0;4973619.0;4283378.0;34127450.0;585
;;;4675758.0;44532128.0;4973619.0;4293807.0;34143236.0;586
;;;4679067.0;44642734.0;4973619.0;4302661.0;34159562.0;587
;;;4682034.0;44751198.0;4977448.0;4310273.0;34175468.0;588
;;;4683646.0;44838145.0;4977448.0;4313384.0;34189774.0;589
;;;4686109.0;44947624.0;4980206.0;4318355.0;34202202.0;590
;;;4689341.0;44987408.0;4982138.0;4330258.0;34215653.0;591
;;;4692274.0;45019065.0;4984386.0;4342640.0;34231809.0;592
;;;4695291.0;45118016.0;4984386.0;4354158.0;34246157.0;593
;;;4698038.0;45199933.0;4984386.0;4365107.0;34260470.0;594
;;;4700316.0;45291553.0;4988878.0;4373789.0;34273300.0;595
;;;4701832.0;45369634.0;4990767.0;4377845.0;34285814.0;596
;;;4704318.0;45465586.0;4993295.0;4384616.0;34296237.0;597
;;;4707087.0;45498006.0;4995176.0;4401631.0;34308140.0;598
;;;4709753.0;45517175.0;4997732.0;4417708.0;34321025.0;599
;;;4712482.0;45629747.0;4997732.0;4437280.0;34333754.0;600
;;;4715464.0;45696404.0;4997732.0;4452425.0;34344683.0;601
;;;4717899.0;45798967.0;5002217.0;4466157.0;34355509.0;602
;;;4719493.0;45874063.0;5004143.0;4472730.0;34366987.0;603
;;;4722188.0;45969169.0;5006675.0;4483203.0;34377113.0;604
;;;4725887.0;46003464.0;5008887.0;4506415.0;34388579.0;605
;;;4729678.0;46035790.0;5011148.0;4534452.0;34401670.0;606
;;;4733557.0;46149044.0;5011148.0;4559120.0;34414186.0;607
;;;4737462.0;46217792.0;5011148.0;4580663.0;34426036.0;608
;;;4741185.0;46303386.0;5011148.0;4597550.0;34437307.0;609
;;;4743720.0;46384823.0;5016968.0;4607208.0;34447536.0;610
;;;4747773.0;46481681.0;5019255.0;4618021.0;34456401.0;611
;;;4752368.0;46516542.0;5022546.0;4638419.0;34466598.0;612
;;;4757231.0;46553370.0;5025639.0;4672368.0;34478517.0;613
;;;4762563.0;46664120.0;5025639.0;4709488.0;34489623.0;614
;;;4767440.0;46742479.0;5025639.0;4743490.0;34499925.0;615
;;;4771965.0;46837549.0;5032056.0;4767033.0;34510413.0;616
;;;4774783.0;46895193.0;5032056.0;4782546.0;34518901.0;617
;;;4777614.0;47038704.0;5038517.0;4804378.0;34526480.0;618
;;;4782802.0;47082656.0;5042803.0;4844054.0;34535763.0;619
;;;4788704.0;47114568.0;5047156.0;4894250.0;34544882.0;620
;;;4795465.0;47248604.0;5047156.0;4942890.0;34555431.0;621
;;;4802225.0;47335874.0;5047156.0;4987971.0;34563749.0;622
;;;4808047.0;47448721.0;5056954.0;5021469.0;34572523.0;623
;;;4812594.0;47558548.0;5061045.0;5045076.0;34580832.0;624
;;;4818705.0;47685423.0;5067712.0;5077124.0;34587822.0;625
;;;4826738.0;47730784.0;5074027.0;5129950.0;34596776.0;626
;;;4835435.0;47770616.0;5080663.0;5195321.0;34606541.0;627
;;;4843957.0;47915232.0;5080663.0;5248291.0;34615757.0;628
;;;4852496.0;48006577.0;5080663.0;5312215.0;34624360.0;629
;;;4860061.0;48118155.0;5096538.0;5354942.0;34624360.0;630
;;;4865260.0;48157474.0;5103315.0;5385585.0;34641561.0;631
;;;4873075.0;48210894.0;5111842.0;5430911.0;34648383.0;632
;;;4883242.0;48237433.0;5121100.0;5497795.0;34656822.0;633
;;;4893887.0;48280582.0;5131012.0;5573756.0;34666241.0;634
;;;4904441.0;48466874.0;5131012.0;5650170.0;34674643.0;635
;;;4915981.0;48583980.0;5131012.0;5717295.0;34682633.0;636
;;;4925688.0;48721094.0;5153923.0;5761696.0;34690510.0;637
;;;4932091.0;48859944.0;5164184.0;5791060.0;34697860.0;638
;;;4942135.0;49018556.0;5174720.0;5836813.0;34703644.0;639
;;;4954585.0;49084897.0;5189220.0;5903999.0;34710628.0;640
;;;4968341.0;49140081.0;5202958.0;5977208.0;34718602.0;641
;;;4982022.0;49317767.0;5202958.0;6051560.0;34726049.0;642
;;;4994891.0;49431027.0;5202958.0;6116070.0;34726049.0;643
;;;5007818.0;49580939.0;5202958.0;6158125.0;34733194.0;644
;;;5015790.0;49705470.0;5246766.0;6185961.0;34746838.0;645
;;;5028547.0;49863680.0;5246766.0;6222020.0;34752164.0;646
;;;5043620.0;49920268.0;5273178.0;6291621.0;34758481.0;647
;;;5060430.0;49972577.0;5290273.0;6362232.0;34765976.0;648
;;;5077445.0;50158063.0;5290190.0;6423520.0;34772626.0;649
;;;5094072.0;50270884.0;5290190.0;6477217.0;34779815.0;650
;;;5109082.0;50416730.0;5339992.0;6509863.0;34786802.0;651
;;;5118576.0;50558461.0;5366128.0;6531606.0;34793333.0;652
;;;5134318.0;50751114.0;5393268.0;6562429.0;34799691.0;653
;;;5152264.0;50830874.0;5422168.0;6613730.0;34808886.0;654
;;;5164780.0;50920073.0;5455527.0;6670407.0;34822040.0;655
;;;5185270.0;51160114.0;5455527.0;6721375.0;34838804.0;656
;;;5206305.0;51339527.0;5455527.0;6764188.0;34861579.0;657
;;;5225517.0;51583269.0;5535231.0;6793536.0;34889132.0;658
;;;5238221.0;51853029.0;5585054.0;6809622.0;34922882.0;659
;;;5258886.0;52101549.0;5645095.0;6833050.0;34960261.0;660
;;;5282076.0;52188204.0;5718007.0;6878709.0;35018358.0;661
;;;5308180.0;52366591.0;5718007.0;6923636.0;35109286.0;662
;;;5336795.0;52867159.0;5718007.0;6959067.0;35226386.0;663
;;;5364852.0;53229192.0;5718007.0;6981281.0;35368372.0;664
;;;5389155.0;53731299.0;5932626.0;6991381.0;35528004.0;665
;;;5405360.0;54321997.0;6032297.0;7005289.0;35707727.0;666
;;;5436143.0;54835617.0;6133057.0;7026369.0;35875790.0;667
;;;5472469.0;55024381.0;6294745.0;7066412.0;36070510.0;668
;;;5517054.0;55310338.0;6294745.0;7109182.0;36317927.0;669
;;;5567644.0;56355293.0;6294745.0;7150422.0;36582129.0;670
;;;5622431.0;57167511.0;6294745.0;7176814.0;36850962.0;671
;;;5647313.0;57830115.0;6667511.0;7189329.0;37122164.0;672
;;;5678112.0;58665137.0;6785286.0;7207847.0;37380253.0;673
;;;5756412.0;59534897.0;6922466.0;7238408.0;37618271.0;674
;;;5854428.0;59932591.0;6922466.0;7297320.0;37901241.0;675
;;;5981428.0;60417616.0;7164906.0;7361660.0;38218773.0;676
;;;6125683.0;61801513.0;7164906.0;7417995.0;38566027.0;677
;;;6266939.0;62588906.0;7164906.0;7473884.0;38903731.0;678
;;;6328076.0;63437542.0;7457300.0;7510436.0;39237264.0;679
;;;6396110.0;64298885.0;7592242.0;7535691.0;39543328.0;680
;;;6566947.0;65178944.0;7771367.0;7581381.0;39799202.0;681
;;;6756035.0;65587257.0;7930528.0;7661811.0;40085116.0;682
;;;6975465.0;66067059.0;8093036.0;7743228.0;40371500.0;683
;;;7083762.0;66742189.0;8093036.0;7835451.0;40622709.0;684
;;;7281297.0;67871697.0;8093036.0;7913473.0;40858241.0;685
;;;7436939.0;68779821.0;8424503.0;7965977.0;41092522.0;686
;;;7554344.0;69512416.0;8518975.0;8000122.0;41302440.0;687
;;;7774863.0;70353501.0;8676916.0;8074527.0;41469499.0;688
;;;7971068.0;70655998.0;8834363.0;8186850.0;41630885.0;689
;;;8155645.0;71021444.0;8975458.0;8320386.0;41803318.0;690
;;;8356514.0;71943596.0;8975458.0;8460546.0;41952712.0;691
;;;8549450.0;72436678.0;8975458.0;8596007.0;42080664.0;692
;;;8706915.0;73060734.0;9280890.0;8681447.0;42188138.0;693
;;;8790302.0;73566991.0;9395767.0;8744840.0;42272014.0;694
;;;9018425.0;74181062.0;9529320.0;8871795.0;42339611.0;695
;;;9219391.0;74359681.0;9660208.0;9035795.0;42410976.0;696
;;;9418256.0;74557642.0;9779130.0;9238931.0;42478060.0;697
;;;9603856.0;75099882.0;9779130.0;9429079.0;42536137.0;698
;;;9781191.0;75425291.0;9779130.0;9618245.0;42586544.0;699
;;;9923678.0;75754828.0;9961253.0;9737215.0;42631421.0;700
;;;10001344.0;76029630.0;10039126.0;9815533.0;42665534.0;701
;;;10212621.0;76384599.0;10125348.0;9978146.0;42692943.0;702
;;;10383561.0;76471027.0;10199716.0;10186644.0;42723558.0;703
;;;10539601.0;76554503.0;10199716.0;10422764.0;42754315.0;704
;;;10683948.0;76900940.0;10199716.0;10671602.0;42780235.0;705
;;;10821375.0;77115308.0;10199716.0;10889417.0;42802505.0;706
;;;10925485.0;77303713.0;10395471.0;11022590.0;42822473.0;707
;;;10983116.0;77475122.0;10439302.0;11117857.0;42838524.0;708
;;;11116422.0;77684437.0;10502141.0;11287428.0;42851929.0;709
;;;11235745.0;77736302.0;10555196.0;11521678.0;42867031.0;710
;;;11348701.0;77794623.0;10604200.0;11769540.0;42881179.0;711
;;;11449601.0;77964803.0;10604200.0;12009712.0;42894345.0;712
;;;11542793.0;78075973.0;10604200.0;12219501.0;42905844.0;713
;;;11621736.0;78190790.0;10672906.0;12344661.0;42916117.0;714
;;;11663338.0;78292479.0;10707286.0;12421126.0;42924130.0;715
;;;11765767.0;78437649.0;10744394.0;12580343.0;42931045.0;716
;;;11847436.0;78469056.0;10778607.0;12800315.0;42938599.0;717
;;;11923631.0;78492060.0;10809222.0;13035941.0;42945160.0;718
;;;11991109.0;78574948.0;10809222.0;13255989.0;42951556.0;719
;;;12053330.0;78664280.0;10809222.0;13445094.0;42957477.0;720
;;;12105675.0;78749415.0;10858000.0;13563126.0;42962953.0;721
;;;12134451.0;78816485.0;10880193.0;13636993.0;42967315.0;722
;;;12205474.0;78890857.0;10914105.0;13762895.0;42971308.0;723
;;;12265343.0;78938268.0;10949997.0;13971947.0;42975883.0;724
;;;12323398.0;78956488.0;10977524.0;14188269.0;42980067.0;725
;;;12377098.0;79055402.0;10977524.0;14399012.0;42984261.0;726
;;;12427773.0;79102109.0;10977524.0;14574845.0;42987875.0;727
;;;12469975.0;79155510.0;10977524.0;14682758.0;42990991.0;728
;;;12494459.0;79204118.0;11036085.0;14745107.0;42993494.0;729
;;;12554596.0;79255378.0;11054888.0;14867218.0;42996062.0;730
;;;12603758.0;79270298.0;11078028.0;15053624.0;42998938.0;731
;;;12651251.0;79282693.0;11100428.0;15264297.0;43001477.0;732
;;;12693320.0;79346773.0;11100428.0;15481890.0;43004005.0;733
;;;12732680.0;79376527.0;11100428.0;15674100.0;43006080.0;734
;;;12764558.0;79414226.0;11136425.0;15790989.0;43007841.0;735
;;;12782836.0;79460803.0;11159574.0;15869417.0;43009390.0;736
;;;12829972.0;79510512.0;11181510.0;16026216.0;43010971.0;737
;;;12867918.0;79520730.0;11204125.0;16242070.0;43012749.0;738
;;;12910506.0;79531780.0;11223974.0;16504822.0;43014687.0;739
;;;12948859.0;79567164.0;11223974.0;16757658.0;43016372.0;740
;;;12990223.0;79591539.0;11223974.0;16994744.0;43018032.0;741
;;;13026112.0;79637668.0;11223974.0;17141351.0;43019453.0;742
;;;13048774.0;79690840.0;11260040.0;17233729.0;43020723.0;743
;;;13109527.0;79722200.0;11260040.0;17432617.0;43021982.0;744
;;;13159342.0;79733079.0;11260040.0;17695210.0;43023215.0;745
;;;13214498.0;79744530.0;11324637.0;17990141.0;43024440.0;746
;;;13268459.0;79786804.0;11324637.0;18287986.0;43025775.0;747
;;;13323179.0;79811366.0;11324637.0;18548225.0;43027035.0;748
;;;13373207.0;79852379.0;11324637.0;18680017.0;43028131.0;749
;;;13402905.0;79895373.0;11378784.0;18772331.0;43029044.0;750
;;;13489319.0;79941808.0;11378784.0;18994411.0;43029839.0;751
;;;13563466.0;79951242.0;11378784.0;19278143.0;43030925.0;752
;;;13645834.0;79963032.0;11451676.0;19596530.0;43031958.0;753
;;;13724411.0;80002002.0;11451676.0;19893028.0;43033067.0;754
;;;13800179.0;80026183.0;11451676.0;20145054.0;43034217.0;755
;;;13861743.0;80065365.0;11451676.0;20256278.0;43035271.0;756
;;;13895188.0;80110998.0;11508309.0;20323779.0;43036132.0;757
;;;13992092.0;80143215.0;11508309.0;20561131.0;43036928.0;758
;;;14070450.0;80155021.0;11508309.0;20829608.0;43038016.0;759
;;;14153098.0;80159776.0;11551574.0;21357095.0;43039023.0;760
;;;14229495.0;80188680.0;11551574.0;21357039.0;43039972.0;761
;;;14304111.0;80214283.0;11551574.0;21553495.0;43040947.0;762
;;;14364723.0;80255230.0;11551574.0;21668677.0;43042097.0;763
;;;14396283.0;80305865.0;11578653.0;21668677.0;43044280.0;764
;;;14496579.0;80380887.0;11578653.0;21849074.0;43045527.0;765
;;;14567990.0;80393599.0;11578653.0;22265788.0;43047594.0;766
;;;14642354.0;80403130.0;11627487.0;22441051.0;43049974.0;767
;;;14719394.0;80443471.0;11627487.0;22591726.0;43052425.0;768
;;;14790806.0;80479208.0;11627487.0;22647197.0;43054952.0;769
;;;14845815.0;80534594.0;11627487.0;22677986.0;43057545.0;770
;;;14877144.0;80585252.0;11662214.0;22878428.0;43060086.0;771
;;;14966058.0;80620694.0;11662214.0;23017079.0;43060097.0;772
;;;15035943.0;80633029.0;11662214.0;23182447.0;43065496.0;773
;;;15106066.0;80640533.0;11662214.0;23339311.0;43068799.0;774
;;;15173707.0;80701920.0;11662214.0;23376879.0;43072176.0;775
;;;15238128.0;80741179.0;11662214.0;23416663.0;43075864.0;776
;;;15292048.0;80810116.0;11662214.0;23437145.0;43079188.0;777
;;;15320753.0;80871811.0;11736893.0;23459628.0;43082345.0;778
;;;15404809.0;80961863.0;11736893.0;23658211.0;43084913.0;779
;;;15467395.0;80981592.0;11736893.0;23844536.0;43088118.0;780
;;;15533012.0;80995080.0;11786036.0;24006254.0;43091393.0;781
;;;15595302.0;81065282.0;11786036.0;24141333.0;43094938.0;782
;;;15659835.0;81110631.0;11786036.0;24180512.0;43098743.0;783
;;;15712088.0;81200645.0;11786036.0;24200596.0;43102194.0;784
;;;15730676.0;81277998.0;11833457.0;24337394.0;43105401.0;785
;;;15758002.0;81339187.0;11833457.0;24337394.0;43107689.0;786
;;;15858442.0;81363166.0;11833457.0;24609159.0;43110586.0;787
;;;15934437.0;81379868.0;11896152.0;24710769.0;43113413.0;788
;;;16008181.0;81474572.0;11896152.0;24798067.0;43116254.0;789
;;;16079209.0;81524161.0;11896152.0;24809785.0;43119112.0;790
;;;16136057.0;81636184.0;11896152.0;24813817.0;43121599.0;791
;;;16161339.0;81724733.0;11953481.0;24927339.0;43123801.0;792
;;;16191323.0;81853494.0;11953481.0;25033970.0;43125370.0;793
;;;16279754.0;81881314.0;11953481.0;25130137.0;43127199.0;794
;;;16349788.0;81887077.0;12009059.0;25215210.0;43129563.0;795
;;;16409183.0;82017087.0;12009059.0;25287462.0;43131822.0;796
;;;16463200.0;82087331.0;12009059.0;25295950.0;43134145.0;797
;;;16504791.0;82247514.0;12058888.0;25299300.0;43136371.0;798
;;;16523859.0;82361495.0;12058888.0;25406868.0;43138393.0;799
;;;16586268.0;82448868.0;12058888.0;25503878.0;43140068.0;800
;;;16633911.0;82465925.0;12058888.0;25592839.0;43142192.0;801
;;;16682626.0;82498035.0;12127122.0;25661838.0;43144820.0;802
;;;16726990.0;82676743.0;12127122.0;25723697.0;43147530.0;803
;;;16767773.0;82761333.0;12127122.0;25729848.0;43150215.0;804
;;;16798998.0;82965087.0;12127122.0;25732153.0;43153043.0;805
;;;16816419.0;83100241.0;12179234.0;25818405.0;43155749.0;806
;;;16872618.0;83249275.0;12179234.0;25890456.0;43158087.0;807
;;;16915301.0;83276205.0;12179234.0;25949175.0;43160832.0;808
;;;16954784.0;83295787.0;12179234.0;25998085.0;43164544.0;809
;;;16993813.0;83438243.0;12234806.0;26040460.0;43168585.0;810
;;;17030147.0;83521247.0;12234806.0;26044283.0;43172547.0;811
;;;17057873.0;83731296.0;12234806.0;26045528.0;43176817.0;812
;;;17071649.0;83876743.0;12238073.0;26109965.0;43181335.0;813
;;;17116550.0;83984706.0;12238073.0;26159106.0;43185049.0;814
;;;17147477.0;83997388.0;12280345.0;26198811.0;43190282.0;815
;;;17178199.0;84003156.0;12326264.0;26200663.0;43197522.0;816
;;;17205017.0;84064067.0;12326264.0;26240639.0;43205106.0;817
;;;17229263.0;84233849.0;12326264.0;26243352.0;43213435.0;818
;;;17247552.0;84460920.0;12326264.0;26244107.0;43222017.0;819
;;;17257573.0;84582309.0;12326264.0;26305996.0;43230101.0;820
;;;17288287.0;84739368.0;12360256.0;26360953.0;43236695.0;821
;;;17312432.0;84765524.0;12360256.0;26409455.0;43245517.0;822
;;;17333299.0;84779980.0;12403245.0;26452148.0;43257730.0;823
;;;17355119.0;84941110.0;12403245.0;26493235.0;43270577.0;824
;;;17373741.0;85026517.0;12403245.0;26493235.0;43283793.0;825
;;;17388877.0;85224519.0;12403245.0;26496611.0;43296692.0;826
;;;17396723.0;85366434.0;12436538.0;26498361.0;43309473.0;827
;;;17421410.0;85472998.0;12436538.0;26583016.0;;828
;;;17440232.0;85506401.0;12436538.0;26660652.0;;829
;;;17457950.0;85515831.0;12478994.0;26738530.0;;830
;;;17467642.0;85666972.0;12478994.0;26803867.0;;831
;;;17490451.0;85759237.0;12478994.0;26803867.0;;832
;;;17505973.0;85942237.0;12478994.0;26809245.0;;833
;;;17514589.0;86058228.0;12515127.0;26915085.0;;834
;;;17543136.0;86216418.0;12515127.0;27007429.0;;835
;;;17566061.0;86230982.0;12515127.0;27096571.0;;836
;;;17589595.0;86246101.0;12563399.0;27124689.0;;837
;;;17611607.0;;12563399.0;27204953.0;;838
;;;17634065.0;;12563399.0;27204955.0;;839
;;;17653375.0;;;27211896.0;;840
;;;17664043.0;;;;;841
;;;17703887.0;;;;;842
;;;17736696.0;;;;;843
;;;17773764.0;;;;;844
;;;17809934.0;;;;;845
;;;17844905.0;;;;;846
;;;17879160.0;;;;;847
