Date,US,Germany,Italy
1/22/20,1,0,0
1/23/20,1,0,0
1/24/20,2,0,0
1/25/20,2,0,0
1/26/20,5,0,0
1/27/20,5,1,0
1/28/20,5,4,0
1/29/20,6,4,0
1/30/20,6,4,0
1/31/20,8,5,2
2/1/20,8,8,2
2/2/20,8,10,2
2/3/20,11,12,2
2/4/20,11,12,2
2/5/20,11,12,2
2/6/20,12,12,2
2/7/20,12,13,3
2/8/20,12,13,3
2/9/20,12,14,3
2/10/20,12,14,3
2/11/20,13,16,3
2/12/20,13,16,3
2/13/20,14,16,3
2/14/20,14,16,3
2/15/20,14,16,3
2/16/20,14,16,3
2/17/20,14,16,3
2/18/20,14,16,3
2/19/20,14,16,3
2/20/20,14,16,3
2/21/20,16,16,20
2/22/20,16,16,62
2/23/20,16,16,155
2/24/20,16,16,229
2/25/20,16,16,322
2/26/20,16,21,453
2/27/20,17,26,655
2/28/20,17,53,888
2/29/20,25,66,1128
3/1/20,32,117,1694
3/2/20,55,150,2036
3/3/20,74,188,2502
3/4/20,107,240,3089
3/5/20,184,349,3858
3/6/20,237,534,4636
3/7/20,403,684,5883
3/8/20,519,847,7375
3/9/20,594,1112,9172
3/10/20,782,1296,10149
3/11/20,1147,1567,12462
3/12/20,1586,2369,15113
3/13/20,2219,3062,17660
3/14/20,2978,3795,21157
3/15/20,3212,4838,24747
3/16/20,4679,6012,27980
3/17/20,6512,7156,31506
3/18/20,9169,8198,35713
3/19/20,13663,10999,41035
3/20/20,20030,13957,47021
3/21/20,26025,16662,53578
3/22/20,34944,18610,59138
3/23/20,46096,22672,63927
3/24/20,56714,27436,69176
3/25/20,68841,31554,74386
3/26/20,86662,36508,80589
3/27/20,105253,42288,86498
3/28/20,127417,48582,92472
3/29/20,143544,52547,97689
3/30/20,165698,57298,101739
3/31/20,192079,61913,105792
4/1/20,223254,67366,110574
4/2/20,255530,73522,115242
4/3/20,287931,79696,119827
4/4/20,319776,85778,124632
4/5/20,349016,91714,128948
4/6/20,380798,95391,132547
4/7/20,410834,99225,135586
4/8/20,441897,103228,139422
4/9/20,477507,108202,143626
4/10/20,511790,113525,147577
4/11/20,540714,117658,152271
4/12/20,567022,120479,156363
4/13/20,594165,123016,159516
4/14/20,622493,125098,162488
4/15/20,648390,127584,165155
4/16/20,678028,130450,168941
4/17/20,711135,133830,172434
4/18/20,738464,137439,175925
4/19/20,763886,139897,178972
4/20/20,793970,141672,181228
4/21/20,820045,143457,183957
4/22/20,849926,145694,187327
4/23/20,881891,148046,189973
4/24/20,913856,150383,192994
4/25/20,944770,152438,195351
4/26/20,970741,154175,197675
4/27/20,995391,155193,199414
4/28/20,1019964,156337,201505
4/29/20,1046816,157641,203591
4/30/20,1076518,159119,205463
5/1/20,1111410,160758,207428
5/2/20,1138174,161703,209328
5/3/20,1161907,162496,210717
5/4/20,1185709,163175,211938
5/5/20,1209727,163860,213013
5/6/20,1234209,164807,214457
5/7/20,1261948,166091,215858
5/8/20,1289131,167300,217185
5/9/20,1313585,168551,218268
5/10/20,1332332,169218,219070
5/11/20,1351409,169575,219814
5/12/20,1374790,170508,221216
5/13/20,1394805,171306,222104
5/14/20,1420695,172239,223096
5/15/20,1445546,173152,223885
5/16/20,1469596,173772,224760
5/17/20,1488325,174355,225435
5/18/20,1510633,174697,225886
5/19/20,1531136,175210,226699
5/20/20,1553962,176007,227364
5/21/20,1579114,176752,228006
5/22/20,1602943,177212,228658
5/23/20,1623132,177850,229327
5/24/20,1643306,178281,229858
5/25/20,1662400,178570,230158
5/26/20,1681126,179002,230555
5/27/20,1699889,179364,231139
5/28/20,1721156,179717,231732
5/29/20,1746238,180458,232248
5/30/20,1769318,181196,232664
5/31/20,1788237,181482,232997
6/1/20,1806077,181815,233197
6/2/20,1826167,182028,233515
6/3/20,1845323,182370,233836
6/4/20,1873257,182764,234013
6/5/20,1899697,183271,234531
6/6/20,1919966,183678,234801
6/7/20,1937792,183979,234998
6/8/20,1954692,184193,235278
6/9/20,1975013,184543,235561
6/10/20,1996731,184861,235763
6/11/20,2019009,185416,236142
6/12/20,2044567,185674,236305
6/13/20,2068724,186022,236651
6/14/20,2087625,186269,236989
6/15/20,2108624,186461,237290
6/16/20,2133173,186839,237500
6/17/20,2160223,187184,237828
6/18/20,2188450,187764,238159
6/19/20,2219504,188534,238011
6/20/20,2251330,189135,238275
6/21/20,2277166,189822,238499
6/22/20,2306967,190359,238720
6/23/20,2345696,190862,238833
6/24/20,2381947,191449,239410
6/25/20,2421246,192079,239706
6/26/20,2470292,192556,239961
6/27/20,2511046,193243,240136
6/28/20,2553971,193499,240310
6/29/20,2595266,193761,240436
6/30/20,2645090,194259,240578
7/1/20,2694213,194725,240760
7/2/20,2749156,195228,240961
7/3/20,2800660,195674,241184
7/4/20,2846606,196096,241419
7/5/20,2900334,196335,241611
7/6/20,2943499,196554,241819
7/7/20,3000730,196944,241956
7/8/20,3061036,197341,242149
7/9/20,3120692,197783,242363
7/10/20,3189551,198178,242639
7/11/20,3249990,198556,242827
7/12/20,3310122,198804,243061
7/13/20,3369486,198963,243230
7/14/20,3435148,199375,243344
7/15/20,3501174,199726,243506
7/16/20,3571988,200260,243736
7/17/20,3638460,200843,243967
7/18/20,3702782,201372,244216
7/19/20,3761714,201574,244434
7/20/20,3822377,201823,244624
7/21/20,3890571,202345,244752
7/22/20,3958116,202799,245032
7/23/20,4026001,203368,245338
7/24/20,4101148,204183,245590
7/25/20,4165348,204964,245864
7/26/20,4221187,205269,246118
7/27/20,4280911,205609,246286
7/28/20,4345741,206242,246488
7/29/20,4409869,206926,246776
7/30/20,4479110,207828,247158
7/31/20,4543686,208698,247537
8/1/20,4601264,209653,247832
8/2/20,4648373,209893,248070
8/3/20,4690057,210402,248229
8/4/20,4751714,211281,248419
8/5/20,4806062,212022,248803
8/6/20,4866241,213067,249204
8/7/20,4926828,214214,249756
8/8/20,4990761,215336,250103
8/9/20,5045028,215891,250566
8/10/20,5096645,216327,250825
8/11/20,5153600,217293,251237
8/12/20,5208844,218519,251713
8/13/20,5260500,219964,252235
8/14/20,5330625,221413,252809
8/15/20,5383019,222828,253438
8/16/20,5417681,223453,253915
8/17/20,5455530,224014,254235
8/18/20,5500432,225404,254636
8/19/20,5546315,226914,255278
8/20/20,5591443,228621,256118
8/21/20,5639034,230048,257065
8/22/20,5684707,232082,258136
8/23/20,5716618,232864,259345
8/24/20,5750541,233575,260298
8/25/20,5793214,234853,261174
8/26/20,5835287,236429,262540
8/27/20,5885805,237936,263949
8/28/20,5932275,239507,265409
8/29/20,5975378,240986,266853
8/30/20,6009509,241771,268218
8/31/20,6042871,242381,269214
9/1/20,6084849,243599,270189
9/2/20,6124810,244855,271515
9/3/20,6169951,246166,272912
9/4/20,6218285,247619,274644
9/5/20,6261908,248997,276338
9/6/20,6291027,249985,277634
9/7/20,6315590,250799,278784
9/8/20,6342334,252298,280153
9/9/20,6375972,253474,281583
9/10/20,6415420,255366,283180
9/11/20,6460043,256850,284796
9/12/20,6505626,258480,286297
9/13/20,6545917,259428,287753
9/14/20,6578481,260355,288761
9/15/20,6615659,261762,289990
9/16/20,6653951,263663,291442
9/17/20,6699270,265857,293025
9/18/20,6749454,267773,294932
9/19/20,6795232,270070,296569
9/20/20,6836842,271415,298156
9/21/20,6868885,272337,299506
9/22/20,6907156,274158,300897
9/23/20,6948276,275927,302537
9/24/20,6997159,278070,304323
9/25/20,7044295,280223,306235
9/26/20,7087842,282730,308104
9/27/20,7121621,284140,309870
9/28/20,7159361,285332,311364
9/29/20,7201394,287421,313011
9/30/20,7240025,289219,314861
10/1/20,7286269,291722,317409
10/2/20,7339712,294395,319908
10/3/20,7388993,296958,322751
10/4/20,7422124,299237,325329
10/5/20,7459481,300619,327586
10/6/20,7504026,303258,330263
10/7/20,7553163,306086,333940
10/8/20,7611053,310144,338398
10/9/20,7666132,314660,343770
10/10/20,7721498,319381,349494
10/11/20,7768398,322864,354950
10/12/20,7810478,325331,359569
10/13/20,7860601,329453,365467
10/14/20,7919043,334585,372799
10/15/20,7982580,341223,381602
10/16/20,8052754,348557,391611
10/17/20,8107586,356387,402536
10/18/20,8159756,361974,414241
10/19/20,8227638,366299,423578
10/20/20,8289375,373167,434449
10/21/20,8350081,380762,449648
10/22/20,8429703,392049,465726
10/23/20,8511363,403291,484869
10/24/20,8589738,418005,504509
10/25/20,8650713,429181,525782
10/26/20,8715277,437866,542789
10/27/20,8792500,449275,564778
10/28/20,8878977,464239,589766
10/29/20,8970270,481013,616595
10/30/20,9070119,499694,647674
10/31/20,9157462,518753,679430
11/1/20,9235292,532930,709335
11/2/20,9317099,545027,731588
11/3/20,9441865,560379,759829
11/4/20,9542127,577593,790377
11/5/20,9670208,597583,824879
11/6/20,9797264,619089,862681
11/7/20,9924328,642488,902490
11/8/20,10044001,658505,935104
11/9/20,10160957,671868,960373
11/10/20,10297509,687200,995463
11/11/20,10445191,705687,1028424
11/12/20,10603987,727553,1066401
11/13/20,10783505,751095,1107303
11/14/20,10947555,773556,1144552
11/15/20,11087270,790503,1178529
11/16/20,11240358,801327,1205881
11/17/20,11405005,815746,1238072
11/18/20,11576974,833307,1272352
11/19/20,11769275,855916,1308528
11/20/20,11970944,879564,1345767
11/21/20,12150764,902528,1380531
11/22/20,12297351,918269,1408868
11/23/20,12478863,929133,1431795
11/24/20,12652425,942687,1455022
11/25/20,12832637,961320,1480874
11/26/20,12949887,983588,1509875
11/27/20,13164521,1006394,1538217
11/28/20,13332745,1028089,1564532
11/29/20,13473097,1042700,1585178
11/30/20,13628010,1053869,1601554
12/1/20,13825126,1067473,1620901
12/2/20,14021289,1084743,1641610
12/3/20,14241511,1106789,1664829
12/4/20,14476881,1130238,1688939
12/5/20,14698891,1153556,1709991
12/6/20,14878215,1171323,1728878
12/7/20,15073675,1183655,1742557
12/8/20,15300732,1197709,1757394
12/9/20,15516739,1218524,1770149
12/10/20,15753683,1242203,1787147
12/11/20,15992585,1272078,1805873
12/12/20,16217120,1300516,1825775
12/13/20,16408717,1320716,1843712
12/14/20,16618545,1337078,1855737
12/15/20,16844860,1351510,1870576
12/16/20,17079664,1379238,1888144
12/17/20,17319910,1406161,1906377
12/18/20,17567856,1439938,1921778
12/19/20,17773707,1471238,1938083
12/20/20,17960902,1494009,1953185
12/21/20,18157760,1510652,1964054
12/22/20,18363690,1530180,1977370
12/23/20,18585131,1554920,1991278
12/24/20,18798079,1587115,2009317
12/25/20,18925257,1612648,2028354
12/26/20,19142697,1627103,2038759
12/27/20,19278658,1640858,2047696
12/28/20,19451960,1651834,2056277
12/29/20,19657932,1664726,2067487
12/30/20,19876229,1687185,2083689
12/31/20,20191317,1719737,2107166
1/1/21,20370219,1742661,2129376
1/2/21,20642498,1755351,2141201
1/3/21,20845899,1765666,2155446
1/4/21,21031401,1775513,2166244
1/5/21,21264264,1787410,2181619
1/6/21,21524025,1808647,2201945
1/7/21,21810269,1835038,2220361
1/8/21,22114335,1866887,2237890
1/9/21,22379073,1891581,2257866
1/10/21,22589916,1908527,2276491
1/11/21,22793880,1921024,2289021
1/12/21,23015693,1933826,2303263
1/13/21,23245023,1953426,2319036
1/14/21,23480601,1978590,2336279
1/15/21,23725599,2000958,2352423
1/16/21,23943288,2019636,2368733
1/17/21,24119842,2033518,2381277
1/18/21,24260670,2040659,2390102
1/19/21,24417565,2052028,2400598
1/20/21,24604947,2068002,2414166
1/21/21,24797500,2088400,2428221
1/22/21,24989275,2106262,2441854
1/23/21,25167450,2122679,2455185
1/24/21,25307594,2134936,2466813
1/25/21,25437194,2141665,2475372
1/26/21,25588202,2148077,2485956
1/27/21,25743658,2161275,2501147
1/28/21,25910418,2178828,2515507
1/29/21,26074161,2192850,2529070
1/30/21,26225101,2205171,2541783
1/31/21,26337959,2216363,2553032
2/1/21,26463273,2221971,2560957
2/2/21,26580303,2228085,2570608
2/3/21,26704675,2237790,2583790
2/4/21,26829704,2252001,2597446
2/5/21,26960815,2264909,2611659
2/6/21,27077675,2275394,2625098
2/7/21,27167104,2284010,2636738
2/8/21,27249903,2288545,2644707
2/9/21,27345284,2291924,2655319
2/10/21,27440567,2299996,2668266
2/11/21,27547339,2310233,2683403
2/12/21,27647919,2320093,2697296
2/13/21,27738677,2328447,2710819
2/14/21,27806985,2334561,2721879
2/15/21,27862433,2338987,2729223
2/16/21,27921655,2342843,2739591
2/17/21,27990500,2350399,2751657
2/18/21,28063080,2360606,2765412
2/19/21,28138238,2369719,2780882
2/20/21,28212021,2378883,2795796
2/21/21,28267286,2386559,2809246
2/22/21,28322769,2390928,2818863
2/23/21,28396629,2394811,2832162
2/24/21,28471654,2402818,2848564
2/25/21,28548933,2414687,2868435
2/26/21,28624353,2424684,2888923
2/27/21,28695642,2434446,2907825
2/28/21,28747406,2442336,2925265
3/1/21,28797846,2447068,2938371
3/2/21,28856264,2451011,2955434
3/3/21,28923315,2460030,2976274
3/4/21,28992258,2471942,2999119
3/5/21,29060137,2482522,3023129
3/6/21,29121168,2492079,3046762
3/7/21,29162779,2500182,3067486
3/8/21,29206871,2505193,3081368
3/9/21,29262374,2509445,3101093
3/10/21,29320146,2518591,3123368
3/11/21,29381936,2532947,3149017
3/12/21,29444539,2545781,3175807
3/13/21,29501359,2558455,3201838
3/14/21,29540633,2569245,3223142
3/15/21,29591666,2575849,3238394
3/16/21,29645733,2581329,3258770
3/17/21,29705007,2594764,3281810
3/18/21,29767397,2612268,3306711
3/19/21,29829029,2629750,3332418
3/20/21,29887896,2645783,3356331
3/21/21,29923274,2659516,3376376
3/22/21,29970698,2667225,3400877
3/23/21,30023556,2674710,3419616
3/24/21,30111312,2690523,3440862
3/25/21,30178939,2713180,3464543
3/26/21,30255309,2734753,3488619
3/27/21,30319364,2755225,3512453
3/28/21,30365684,2772401,3532057
3/29/21,30431556,2782273,3544957
3/30/21,30493246,2791822,3561012
3/31/21,30562776,2808873,3584899
4/1/21,30639632,2833173,3607083
4/2/21,30713656,2855061,3629000
4/3/21,30778536,2873190,3650247
4/4/21,30816459,2885386,3668264
4/5/21,30883546,2893883,3678944
4/6/21,30946372,2900768,3686707
4/7/21,31022149,2910445,3700393
4/8/21,31102215,2930852,3717602
4/9/21,31186968,2956316,3736526
4/10/21,31257503,2980413,3754077
4/11/21,31304959,2998268,3769814
4/12/21,31367142,3011513,3779594
4/13/21,31447983,3022323,3793033
4/14/21,31523587,3044016,3809193
4/15/21,31597569,3073442,3826156
4/16/21,31681042,3099273,3842079
4/17/21,31736529,3123077,3857443
4/18/21,31780358,3142262,3870131
4/19/21,31838904,3153699,3878994
4/20/21,31901344,3163308,3891063
4/21/21,31965690,3188192,3904899
4/22/21,32032409,3217710,3920945
4/23/21,32095304,3245253,3935703
4/24/21,32150276,3268645,3949517
4/25/21,32185044,3287418,3962674
4/26/21,32227331,3299325,3971114
4/27/21,32279613,3310301,3981512
4/28/21,32334799,3332532,3994894
4/29/21,32393625,3357268,4009208
4/30/21,32451727,3381597,4022653
5/1/21,32500503,3400532,4035617
5/2/21,32531059,3416822,4044762
5/3/21,32575681,3425982,4050708
5/4/21,32618576,3433516,4059821
5/5/21,32664619,3451550,4070400
5/6/21,32710798,3473503,4082198
5/7/21,32759213,3491988,4092747
5/8/21,32794868,3507673,4102921
5/9/21,32817738,3520329,4111210
5/10/21,32850114,3527251,4116287
5/11/21,32885592,3533376,4123230
5/12/21,32921743,3548285,4131078
5/13/21,32960479,3565704,4139160
5/14/21,33002696,3577040,4146722
5/15/21,33033453,3584934,4153374
5/16/21,33051145,3593434,4159122
5/17/21,33076388,3598846,4162576
5/18/21,33105303,3603055,4167025
5/19/21,33134908,3614095,4172525
5/20/21,33165125,3626393,4178261
5/21/21,33193950,3635162,4183476
5/22/21,33215163,3642244,4188190
5/23/21,33228947,3648958,4192183
5/24/21,33250819,3651640,4194672
5/25/21,33275409,3653551,4197892
5/26/21,33300005,3656177,4201827
5/27/21,33326846,3662490,4205970
5/28/21,33349088,3669870,4209707
5/29/21,33362399,3675296,4213055
5/30/21,33369753,3679148,4216003
5/31/21,33376028,3681126,4217821
6/1/21,33396881,3682911,4220304
6/2/21,33413594,3687828,4223200
6/3/21,33431990,3692468,4225163
6/4/21,33449855,3695633,4227719
6/5/21,33465459,3697927,4230153
6/6/21,33471475,3700367,4232428
6/7/21,33485545,3701484,4233698
6/8/21,33498584,3702688,4235592
6/9/21,33517149,3705942,4237790
6/10/21,33531930,3709129,4239868
6/11/21,33557081,3711569,4241760
6/12/21,33566241,3713480,4243482
6/13/21,33571511,3714969,4244872
6/14/21,33583297,3715518,4245779
6/15/21,33594026,3716170,4247032
6/16/21,33605934,3717625,4248432
6/17/21,33617697,3718955,4249755
6/18/21,33638879,3720031,4250902
6/19/21,33647931,3721139,4252095
6/20/21,33652887,3721981,4252976
6/21/21,33663441,3722327,4253460
6/22/21,33674237,3722782,4254294
6/23/21,33686902,3723798,4255434
6/24/21,33701378,3724806,4255700
6/25/21,33725981,3725580,4256451
6/26/21,33735350,3726172,4257289
6/27/21,33739972,3726710,4258069
6/28/21,33753555,3726929,4258456
6/29/21,33761032,3727333,4259133
6/30/21,33776383,3728141,4259909
7/1/21,33791503,3729033,4260788
7/2/21,33821260,3729682,4261582
7/3/21,33826674,3730353,4262511
7/4/21,33830959,3730912,4263317
7/5/21,33839861,3731124,4263797
7/6/21,33862143,3731564,4264704
7/7/21,33882319,3732549,4265714
7/8/21,33903184,3733519,4267105
7/9/21,33950776,3734468,4268491
7/10/21,33960895,3735420,4269885
7/11/21,33972642,3736165,4271276
7/12/21,34002065,3736489,4272163
7/13/21,34028596,3737135,4273693
7/14/21,34059721,3738683,4275846
7/15/21,34091682,3740325,4278319
7/16/21,34169791,3741781,4281214
7/17/21,34183893,3743389,4284332
7/18/21,34204222,3744681,4287458
7/19/21,34253065,3745227,4289528
7/20/21,34292791,3746410,4293083
7/21/21,34340527,3748613,4297337
7/22/21,34397053,3750503,4302393
7/23/21,34517855,3752592,4307535
7/24/21,34546599,3754511,4312673
7/25/21,34574571,3755898,4317415
7/26/21,34653943,3756856,4320530
7/27/21,34718946,3758401,4325046
7/28/21,34792522,3761169,4330739
7/29/21,34865067,3764311,4336906
7/30/21,35056512,3766765,4343519
7/31/21,35100403,3769165,4350028
8/1/21,35144972,3771262,4355348
8/2/21,35253332,3772109,4358533
8/3/21,35351086,3773875,4363374
8/4/21,35453532,3777446,4369964
8/5/21,35563219,3780985,4377188
8/6/21,35815115,3784433,4383787
8/7/21,35878120,3787639,4390684
8/8/21,35912996,3790766,4396417
8/9/21,36072783,3791949,4400617
8/10/21,36190584,3794429,4406241
8/11/21,36345036,3799425,4413162
8/12/21,36489122,3805063,4420429
8/13/21,36715928,3810641,4427827
8/14/21,36788995,3816285,4435008
8/15/21,36835783,3821013,4440669
8/16/21,37030138,3823139,4444338
8/17/21,37180729,3827051,4449606
8/18/21,37348331,3835375,4456765
8/19/21,37503551,3843775,4464005
8/20/21,37742625,3853055,4471225
8/21/21,37834821,3861147,4478691
8/22/21,37879024,3868197,4484613
8/23/21,38087249,3871865,4488779
8/24/21,38241709,3877612,4494857
8/25/21,38420691,3889173,4502396
8/26/21,38604462,3901799,4509611
8/27/21,38843134,3913828,4517434
8/28/21,38922023,3924131,4524292
8/29/21,38974034,3932547,4530246
8/30/21,39203248,3937106,4534499
8/31/21,39383209,3942856,4539991
9/1/21,39573726,3956387,4546487
9/2/21,39752861,3970102,4553241
9/3/21,39988305,3984353,4559970
9/4/21,40074213,3995188,4566126
9/5/21,40137718,4005641,4571440
9/6/21,40231457,4010390,4574787
9/7/21,40440627,4017116,4579502
9/8/21,40617553,4030681,4585423
9/9/21,40783971,4046112,4590941
9/10/21,41025980,4059081,4596558
9/11/21,41115111,4070295,4601749
9/12/21,41163463,4077640,4606413
9/13/21,41374242,4083151,4609205
9/14/21,41519646,4089476,4613214
9/15/21,41692899,4101931,4618040
9/16/21,41851676,4114856,4623155
9/17/21,42062538,4125878,4627699
9/18/21,42137511,4134779,4632275
9/19/21,42182381,4142116,4636111
9/20/21,42354183,4145852,4638516
9/21/21,42475921,4150516,4641890
9/22/21,42607273,4160970,4645853
9/23/21,42736442,4171666,4649906
9/24/21,42911208,4181393,4653696
9/25/21,42971703,4188604,4657215
9/26/21,43026020,4196378,4660314
9/27/21,43181966,4199400,4662087
9/28/21,43294718,4203571,4665049
9/29/21,43416107,4215351,4668261
9/30/21,43526493,4227501,4672355
10/1/21,43681323,4237619,4675758
10/2/21,43729528,4246136,4679067
10/3/21,43774306,4252300,4682034
10/4/21,43917220,4255388,4683646
10/5/21,44012453,4260187,4686109
10/6/21,44124626,4271734,4689341
10/7/21,44226152,4283378,4692274
10/8/21,44357567,4293807,4695291
10/9/21,44396394,4302661,4698038
10/10/21,44436064,4310273,4700316
10/11/21,44532128,4313384,4701832
10/12/21,44642734,4318355,4704318
10/13/21,44751198,4330258,4707087
10/14/21,44838145,4342640,4709753
10/15/21,44947624,4354158,4712482
10/16/21,44987408,4365107,4715464
10/17/21,45019065,4373789,4717899
10/18/21,45118016,4377845,4719493
10/19/21,45199933,4384616,4722188
10/20/21,45291553,4401631,4725887
10/21/21,45369634,4417708,4729678
10/22/21,45465586,4437280,4733557
10/23/21,45498006,4452425,4737462
10/24/21,45517175,4466157,4741185
10/25/21,45629747,4472730,4743720
10/26/21,45696404,4483203,4747773
10/27/21,45798967,4506415,4752368
10/28/21,45874063,4534452,4757231
10/29/21,45969169,4559120,4762563
10/30/21,46003464,4580663,4767440
10/31/21,46035790,4597550,4771965
11/1/21,46149044,4607208,4774783
11/2/21,46217792,4618021,4777614
11/3/21,46303386,4638419,4782802
11/4/21,46384823,4672368,4788704
11/5/21,46481681,4709488,4795465
11/6/21,46516542,4743490,4802225
11/7/21,46553370,4767033,4808047
11/8/21,46664120,4782546,4812594
11/9/21,46742479,4804378,4818705
11/10/21,46837549,4844054,4826738
11/11/21,46895193,4894250,4835435
11/12/21,47038704,4942890,4843957
11/13/21,47082656,4987971,4852496
11/14/21,47114568,5021469,4860061
11/15/21,47248604,5045076,4865260
11/16/21,47335874,5077124,4873075
11/17/21,47448721,5129950,4883242
11/18/21,47558548,5195321,4893887
11/19/21,47685423,5248291,4904441
11/20/21,47730784,5312215,4915981
11/21/21,47770616,5354942,4925688
11/22/21,47915232,5385585,4932091
11/23/21,48006577,5430911,4942135
11/24/21,48118155,5497795,4954585
11/25/21,48157474,5573756,4968341
11/26/21,48210894,5650170,4982022
11/27/21,48237433,5717295,4994891
11/28/21,48280582,5761696,5007818
11/29/21,48466874,5791060,5015790
11/30/21,48583980,5836813,5028547
12/1/21,48721094,5903999,5043620
12/2/21,48859944,5977208,5060430
12/3/21,49018556,6051560,5077445
12/4/21,49084897,6116070,5094072
12/5/21,49140081,6158125,5109082
12/6/21,49317767,6185961,5118576
12/7/21,49431027,6222020,5134318
12/8/21,49580939,6291621,5152264
12/9/21,49705470,6362232,5164780
12/10/21,49863680,6423520,5185270
12/11/21,49920268,6477217,5206305
12/12/21,49972577,6509863,5225517
12/13/21,50158063,6531606,5238221
12/14/21,50270884,6562429,5258886
12/15/21,50416730,6613730,5282076
12/16/21,50558461,6670407,5308180
12/17/21,50751114,6721375,5336795
12/18/21,50830874,6764188,5364852
12/19/21,50920073,6793536,5389155
12/20/21,51160114,6809622,5405360
12/21/21,51339527,6833050,5436143
12/22/21,51583269,6878709,5472469
12/23/21,51853029,6923636,5517054
12/24/21,52101549,6959067,5567644
12/25/21,52188204,6981281,5622431
12/26/21,52366591,6991381,5647313
12/27/21,52867159,7005289,5678112
12/28/21,53229192,7026369,5756412
12/29/21,53731299,7066412,5854428
12/30/21,54321997,7109182,5981428
12/31/21,54835617,7150422,6125683
1/1/22,55024381,7176814,6266939
1/2/22,55310338,7189329,6328076
1/3/22,56355293,7207847,6396110
1/4/22,57167511,7238408,6566947
1/5/22,57830115,7297320,6756035
1/6/22,58665137,7361660,6975465
1/7/22,59534897,7417995,7083762
1/8/22,59932591,7473884,7281297
1/9/22,60417616,7510436,7436939
1/10/22,61801513,7535691,7554344
1/11/22,62588906,7581381,7774863
1/12/22,63437542,7661811,7971068
1/13/22,64298885,7743228,8155645
1/14/22,65178944,7835451,8356514
1/15/22,65587257,7913473,8549450
1/16/22,66067059,7965977,8706915
1/17/22,66742189,8000122,8790302
1/18/22,67871697,8074527,9018425
1/19/22,68779821,8186850,9219391
1/20/22,69512416,8320386,9418256
1/21/22,70353501,8460546,9603856
1/22/22,70655998,8596007,9781191
1/23/22,71021444,8681447,9923678
1/24/22,71943596,8744840,10001344
1/25/22,72436678,8871795,10212621
1/26/22,73060734,9035795,10383561
1/27/22,73566991,9238931,10539601
1/28/22,74181062,9429079,10683948
1/29/22,74359681,9618245,10821375
1/30/22,74557642,9737215,10925485
1/31/22,75099882,9815533,10983116
2/1/22,75425291,9978146,11116422
2/2/22,75754828,10186644,11235745
2/3/22,76029630,10422764,11348701
2/4/22,76384599,10671602,11449601
2/5/22,76471027,10889417,11542793
2/6/22,76554503,11022590,11621736
2/7/22,76900940,11117857,11663338
2/8/22,77115308,11287428,11765767
2/9/22,77303713,11521678,11847436
2/10/22,77475122,11769540,11923631
2/11/22,77684437,12009712,11991109
2/12/22,77736302,12219501,12053330
2/13/22,77794623,12344661,12105675
2/14/22,77964803,12421126,12134451
2/15/22,78075973,12580343,12205474
2/16/22,78190790,12800315,12265343
2/17/22,78292479,13035941,12323398
2/18/22,78437649,13255989,12377098
2/19/22,78469056,13445094,12427773
2/20/22,78492060,13563126,12469975
2/21/22,78574948,13636993,12494459
2/22/22,78664280,13762895,12554596
2/23/22,78749415,13971947,12603758
2/24/22,78816485,14188269,12651251
2/25/22,78890857,14399012,12693320
2/26/22,78938268,14574845,12732680
2/27/22,78956488,14682758,12764558
2/28/22,79055402,14745107,12782836
3/1/22,79102109,14867218,12829972
3/2/22,79155510,15053624,12867918
3/3/22,79204118,15264297,12910506
3/4/22,79255378,15481890,12948859
3/5/22,79270298,15674100,12990223
3/6/22,79282693,15790989,13026112
3/7/22,79346773,15869417,13048774
3/8/22,79376527,16026216,13109527
3/9/22,79414226,16242070,13159342
3/10/22,79460803,16504822,13214498
3/11/22,79510512,16757658,13268459
3/12/22,79520730,16994744,13323179
3/13/22,79531780,17141351,13373207
3/14/22,79567164,17233729,13402905
3/15/22,79591539,17432617,13489319
3/16/22,79637668,17695210,13563466
3/17/22,79690840,17990141,13645834
3/18/22,79722200,18287986,13724411
3/19/22,79733079,18548225,13800179
3/20/22,79744530,18680017,13861743
3/21/22,79786804,18772331,13895188
3/22/22,79811366,18994411,13992092
3/23/22,79852379,19278143,14070450
3/24/22,79895373,19596530,14153098
3/25/22,79941808,19893028,14229495
3/26/22,79951242,20145054,14304111
3/27/22,79963032,20256278,14364723
3/28/22,80002002,20323779,14396283
3/29/22,80026183,20561131,14496579
3/30/22,80065365,20829608,14567990
3/31/22,80110998,21357095,14642354
4/1/22,80143215,21357039,14719394
4/2/22,80155021,21553495,14790806
4/3/22,80159776,21668677,14845815
4/4/22,80188680,21668677,14877144
4/5/22,80214283,21849074,14966058
4/6/22,80255230,22265788,15035943
4/7/22,80305865,22441051,15106066
4/8/22,80380887,22591726,15173707
4/9/22,80393599,22647197,15238128
4/10/22,80403130,22677986,15292048
4/11/22,80443471,22878428,15320753
4/12/22,80479208,23017079,15404809
4/13/22,80534594,23182447,15467395
4/14/22,80585252,23339311,15533012
4/15/22,80620694,23376879,15595302
4/16/22,80633029,23416663,15659835
4/17/22,80640533,23437145,15712088
4/18/22,80701920,23459628,15730676
4/19/22,80741179,23658211,15758002
4/20/22,80810116,23844536,15858442
4/21/22,80871811,24006254,15934437
4/22/22,80961863,24141333,16008181
4/23/22,80981592,24180512,16079209
4/24/22,80995080,24200596,16136057
4/25/22,81065282,24337394,16161339
4/26/22,81110631,24337394,16191323
4/27/22,81200645,24609159,16279754
4/28/22,81277998,24710769,16349788
4/29/22,81339187,24798067,16409183
4/30/22,81363166,24809785,16463200
5/1/22,81379868,24813817,16504791
5/2/22,81474572,24927339,16523859
5/3/22,81524161,25033970,16586268
5/4/22,81636184,25130137,16633911
5/5/22,81724733,25215210,16682626
5/6/22,81853494,25287462,16726990
5/7/22,81881314,25295950,16767773
5/8/22,81887077,25299300,16798998
5/9/22,82017087,25406868,16816419
5/10/22,82087331,25503878,16872618
5/11/22,82247514,25592839,16915301
5/12/22,82361495,25661838,16954784
5/13/22,82448868,25723697,16993813
5/14/22,82465925,25729848,17030147
5/15/22,82498035,25732153,17057873
5/16/22,82676743,25818405,17071649
5/17/22,82761333,25890456,17116550
5/18/22,82965087,25949175,17147477
5/19/22,83100241,25998085,17178199
5/20/22,83249275,26040460,17205017
5/21/22,83276205,26044283,17229263
5/22/22,83295787,26045528,17247552
5/23/22,83438243,26109965,17257573
5/24/22,83521247,26159106,17288287
5/25/22,83731296,26198811,17312432
5/26/22,83876743,26200663,17333299
5/27/22,83984706,26240639,17355119
5/28/22,83997388,26243352,17373741
5/29/22,84003156,26244107,17388877
5/30/22,84064067,26305996,17396723
5/31/22,84233849,26360953,17421410
6/1/22,84460920,26409455,17440232
6/2/22,84582309,26452148,17457950
6/3/22,84739368,26493235,17467642
6/4/22,84765524,26493235,17490451
6/5/22,84779980,26496611,17505973
6/6/22,84941110,26498361,17514589
6/7/22,85026517,26583016,17543136
6/8/22,85224519,26660652,17566061
6/9/22,85366434,26738530,17589595
6/10/22,85472998,26803867,17611607
6/11/22,85506401,26803867,17634065
6/12/22,85515831,26809245,17653375
6/13/22,85666972,26915085,17664043
6/14/22,85759237,27007429,17703887
6/15/22,85942237,27096571,17736696
6/16/22,86058228,27124689,17773764
6/17/22,86216418,27204953,17809934
6/18/22,86230982,27204955,17844905
6/19/22,86246101,27211896,17879160
